{"truncation": 0.9274968879513277, "latent": [-0.6390367457341997, -0.7777825146859121, -0.9053408187977439, -0.9318596213212667, -0.7622452677054394, -0.8401762453266277, 0.3225754387024229, -0.9003669569357932, -0.7250652129623192, -0.4286566007292243, -0.5461037344321601, -0.9302857068280694, 0.0066526843612984, -0.9108638402440594, -0.9353906667638227, -0.795715721380561, -0.9264055471655112, 0.10498065968063997, -0.8240907858770405, -0.5740721479922568, -0.941485661977596, -0.8139363848084233, -0.6826937734220295, -0.8841214961722782, -0.7456974607526072, 0.14411679800330335, -0.9033118983221013, 0.4804055144256836, -0.810436107627881, -0.8863258737937721, -0.9147101726519467, -0.8993297900428988, 0.9124535212250264, -0.7271781921418645, -0.26952289802560625, -0.9630542006901631, -0.29312793408656557, -0.8692373337937058, -0.5285843788336655, -0.9345236907672625, -0.9292887871639328, -0.8552827417286563, -0.8499423665353932, -0.8558321543764174, -0.3006656547653349, -0.9486666772796652, 0.6230748400049697, 1.0, -0.9111776718231414, -0.2674589809530401, -0.9760527135158391, -0.7819149514243138, -0.6999401512345043, -0.9446390439333381, -0.5435985351686115, -0.8894428514421818, -0.9880547469288075, -0.5029743710142067, -0.9698377804362642, -0.9367802546877001, -0.07767303249527169, -0.8111085960508637, -0.6919363013747708, -0.6767871626698005, -0.6727721951070488, -0.8166227976386781, -0.5050175949382693, 0.11418634516130766, -0.967001184419636, -0.7913251401911011, -0.9016919489255979, -0.31558586149249945, 0.7712006395163424, -0.8371001399282829, -0.3135743448067366, 0.08716967627500205, -0.8640171087698006, -0.903332592511578, -0.8766533172911843, -0.37012024376310804, -0.6331223256924027, -0.9603415632582832, -0.6451277151872079, -0.669625826809356, -0.6350199591186123, -1.0, -0.6732842747133732, -0.7638006261726284, 0.9275091578077503, -0.5579058143404676, -0.8165044875198564, -0.5869395265217057, -0.25458340040153304, 0.9070620977070716, -0.34186906123685523, -0.9286716987329734, -0.0708341303698865, -0.9778075923077985, -0.5866946083049008, -0.5046515977768282, -0.8603200505775067, -0.10669810373487243, -0.7687922597521555, 0.14633619725127445, 0.10679482418706909, -0.8368235370697221, -0.5468240637094653, -0.3810345052160601, 0.04849058090737102, -0.9102396730121409, -0.8076334482687696, -0.7694056357805154, -0.6927354766985588, 0.7776700292262855, -0.9126390278906074, -0.1183828028777758, -0.40354532097243756, -0.8828798481380701, -0.1754917219902734, -0.878948750244988, -0.25255647630695943, -0.936902723810667, -0.9070023529205447, -0.9604292568391007, -0.7497278018571923, -0.7716882363744323, -0.9191717641372938, -0.5305221953802343], "classes": [[1, 0.009383419586952402], [2, 0.00132092090761834], [4, 0.010054236261432634], [5, -0.0014575046684171366], [6, -0.016832043274621924], [8, 0.006576151691107983], [11, 0.028774644008864463], [12, 0.004973933495662801], [16, -0.0032117927083492475], [17, -0.15751541733534663], [18, 0.01861125306865283], [19, -0.004333714754211135], [25, -0.00123618841764236], [28, 0.005820330352359685], [29, -0.004724671411810978], [30, 0.004424538873618986], [32, 0.009407453876886252], [34, -0.0044333995496765215], [35, -0.0037178063742306145], [36, 0.0035783346677467206], [40, 0.020321582778936607], [44, 0.006148029029488963], [46, -0.005869973349800354], [47, 0.014475497661827923], [49, 0.004312188484883338], [51, 0.015005326301773222], [60, 0.0005693720542353439], [63, 0.006085583885325541], [64, 0.030851760150432603], [66, -0.002387748874286668], [69, 0.00653939334128526], [73, 0.0050978197819514055], [74, 0.0021038351132480573], [75, 0.00243521793630316], [76, 0.0023662802295119235], [77, -0.25490141833334407], [81, 0.03223601544217098], [85, -0.0011266491901083722], [87, 0.006289007259828435], [88, 0.0028423281181972925], [89, 0.0056298550561918355], [90, 0.009406216222776766], [92, 0.002039507868066907], [94, 0.0075776374573278335], [95, 0.0038698661385874935], [97, 0.02416718701664678], [100, 0.00040566171726658345], [101, -0.0862313863346905], [102, 0.0037266618602639088], [104, -0.09367413572113868], [107, 0.2865470483047455], [108, 0.030628261789984595], [109, 0.13427312811892175], [110, -0.00460220741054871], [111, 0.003187627974478897], [114, 0.005670093850137833], [115, -0.004322397031168441], [116, -0.007672971068656416], [121, -0.0070460363408514325], [123, -0.00017608263671462754], [125, 0.007661705214118533], [126, 0.003527393669549843], [127, 0.02531358429871742], [128, -0.003258647136628666], [129, -0.00408879558608516], [130, 0.00896550869320219], [132, -0.0040316076051830525], [135, 0.0018431849255024233], [139, -0.003585593024896922], [142, 0.006076441889662176], [144, 0.011786373341814859], [146, 0.020702506078835285], [147, 0.009839824253783146], [148, 0.004820395225528793], [150, 0.0050709880149678215], [151, 0.0029709076955537605], [153, 0.0031384369783840223], [154, 0.00813366663845398], [157, 0.0058505739161460995], [158, -0.0017700283408419472], [168, 0.027535354748865454], [172, 0.0002141480185876222], [173, 0.0030627091009062094], [177, -9.152583265644075e-05], [179, 0.005311707074655001], [181, -0.001606104920753881], [183, 0.004541685145734219], [184, -0.002081793955778319], [185, 0.02809939955649891], [186, -0.0020839741239684446], [187, -0.0017840581321635952], [189, 0.027282033815203676], [191, 0.5231865015893111], [192, -0.0022478038602927837], [193, 0.0037845002608643892], [194, -0.0013040976190432142], [197, 0.003249225720350249], [200, -0.0007755788461628833], [202, 0.0024129617838966624], [204, -0.0017020485717358902], [206, -0.0021224228216397464], [209, -0.003586957171191075], [213, 0.32982447477939264], [215, -0.0021399354557099094], [218, 0.007176253568290299], [221, 0.0040946189588121264], [227, -0.00516788108153102], [230, -0.00018361831944634934], [231, 0.0035675433501906016], [236, 0.002580373244089322], [238, -0.0039188541285827255], [241, -0.0014129368865855184], [247, 0.013351070590818758], [249, -0.000273675293868421], [255, -9.235323723147547e-06], [256, 0.010155040778075098], [259, -0.009076076027244835], [261, -0.0036524592350098], [265, 0.0018379848154478344], [268, -0.006157356536048526], [269, -0.0015047592470489742], [270, -0.00122430031224326], [271, 0.013333799563068481], [272, 0.003227811336550005], [273, -0.0031189063294795667], [276, 0.008367270969465195], [279, -0.00662673944623787], [281, -0.0726491906553679], [287, -0.0343425294965852], [289, -0.16722600699618456], [290, -0.004665275151287133], [291, -0.0029987948835143224], [295, 0.017255567214565296], [296, 0.0093200036899044], [297, -0.003368943583085429], [298, 0.0038651369425368545], [306, 0.00545061655608937], [309, 0.006627259727730693], [317, -0.0748367864466887], [318, -0.1042879861409733], [327, 0.00820241414157717], [328, -0.002981167727205008], [329, -0.004117243781762044], [332, 0.0025064977661058787], [333, 0.004729386112371109], [335, 0.009817152127942552], [336, -0.003024913542822127], [337, 0.005020916815992167], [340, 0.0009308362054912215], [341, 0.003138389814105707], [342, 0.004973124057068433], [345, -0.2227702539520024], [346, 0.0035070684368820604], [348, 0.0006300247800610489], [350, 0.029853814333932135], [354, 0.018820103675733234], [355, -0.1934836690302496], [356, 0.0034412751518725264], [358, -0.0034323535777307196], [366, -0.0010340328430607144], [367, 0.0007625120402743571], [369, -0.006589873005507707], [370, -0.005418388820043393], [376, 0.009173449735139175], [382, 0.003764401939024604], [383, -0.0047329079799158244], [385, -0.003906748660789353], [386, -0.0012407509899275766], [390, -0.004480745977765906], [392, 0.007232658746620023], [393, 0.006745458489194275], [395, 0.0029525638855897665], [397, 0.011369610103310245], [398, -0.0035106061889713398], [399, 0.00508171657535386], [400, 0.004422220809788458], [401, -0.17187338152017895], [403, 0.007111133005389175], [405, 0.004212395641280253], [409, 0.012224893025960356], [411, 0.007939585500747887], [412,