{"truncation": 0.9719881181221917, "latent": [0.21054850664234914, 0.05463434558299185, 0.16352922760916822, 0.19377010328896227, 0.10712654859072357, 0.9999618145176881, 0.9086023293360346, 0.07747373638269495, 0.4037198341971908, 0.9999618145176881, 0.10608408805199465, 0.12870686492369243, 0.026894564982157476, 0.9510348498207799, 0.5432843973879693, 0.9999618145176881, 0.14634560082146608, 0.16806384644564942, 0.15356332373716852, 0.9999618145176881, 0.0529903130416145, 0.9999618145176881, 0.40486968729746287, 0.18470308858250672, 0.5616062701216267, 0.013280922581012433, 0.23167542999361768, 0.47579559013463424, 0.14417828086690831, 0.12771122997384854, 0.9999618145176881, 0.9999618145176881, 0.3728327135839471, 0.9999618145176881, 0.9999618145176881, 0.9999618145176881, 0.6258819527581583, 0.845865684271107, 0.043314086316150746, 0.1023592977002552, 0.9999618145176881, 0.9999618145176881, 0.9999618145176881, 0.4522352408212056, 0.9999618145176881, 0.9999618145176881, 0.9999618145176881, 0.04276297618485869, 0.4731075387264845, 0.1417301282203154, 0.3066543469439682, 0.6369859977458203, 0.07386100235381488, 0.05595420270384488, 0.180860801204902, 0.07923451708168372, 0.9861959285033284, 0.5132565046569348, 0.9999618145176881, 0.1849988852211557, 0.9999618145176881, 0.5513825952328624, 0.08519657940880743, 0.9999618145176881, 0.6109679489896704, 0.9999618145176881, 0.9999618145176881, 0.9999618145176881, 0.12013073712954658, 0.025250332048680768, -0.028356707378582757, 0.9999618145176881, 0.9999618145176881, 0.3109820333801838, 0.9999618145176881, 0.9999618145176881, 0.44307499612490453, 0.38273486265123813, 0.9999618145176881, 0.5055095228187472, 0.22684913628113534, 0.08308176084757846, 0.9999618145176881, 0.3607405142542026, 0.24398901765873737, 0.35766456839044825, 0.16348929241627141, 0.27749423468183765, 0.9999618145176881, 0.3183148192813239, 0.9999618145176881, 0.9999618145176881, 0.7194088319499115, 0.09736388794290773, 0.14478221096039068, 0.10294036747198754, 0.9999618145176881, 0.08483719576549076, 0.9999618145176881, 0.9999618145176881, 0.11731023820784348, 0.26373244329702294, 0.4443785004239591, 0.18758010467967856, 0.1860695293952639, 0.9999618145176881, 0.041636660399384295, 0.9972844644942553, -0.018587084675560583, 0.02988795881063977, 0.23431487778961912, 0.9999618145176881, 0.16741633244198306, 0.9999618145176881, 0.9999618145176881, 0.9999618145176881, 0.9999618145176881, 0.09906013309977113, 0.06892491491518493, 0.9999618145176881, 0.9999618145176881, 0.07913134611221384, 0.3240580364387693, 0.97634784832231, 0.9999618145176881, 0.9999618145176881, 0.08831042173658288, 0.11874612474834012], "classes": [[1, 0.005896419122064005], [7, 0.002247499404019951], [9, 0.006319830020318892], [11, -0.00641798886351461], [12, 0.0009588058616072094], [15, -0.0043183047851024885], [23, 0.004813469129690832], [27, 0.005743996072669278], [30, -0.005845445600336145], [32, -0.011023612923115787], [35, 0.0051582539258681346], [42, 0.009082939688053626], [48, -0.0010851070421518873], [53, 0.005252966772640662], [55, 0.011066436722113025], [59, 0.011892881651017869], [61, 0.005396101236886695], [73, 0.042320787116743856], [77, 0.05083881316194023], [82, -0.025341016779026344], [100, -0.0018818195984684409], [102, 0.014239664031843284], [103, 0.0102563046624576], [107, 0.00899299192959117], [108, 0.008269479322493448], [111, 0.0002239908184942885], [119, 0.07653941181682619], [120, 0.005215465111213652], [126, 0.004758798752450216], [130, 0.0020793347023310474], [131, 0.015362497168046158], [132, 0.003948124747889983], [143, 0.007018533980075214], [148, 0.0503103500959992], [160, 0.0031490233872033197], [167, 0.003925291230134126], [171, 0.002596341435119067], [182, 0.028281948518700348], [185, 0.00946981261680771], [189, 0.008640312785310932], [195, 0.0028604831564540472], [209, 0.05066520064026232], [260, 0.0025982643389795947], [265, 0.05577552979981734], [270, 0.0055477746275673714], [279, 0.011500791140717375], [303, 0.0077743820574987885], [305, -0.003063788904173831], [306, 0.005953513901416046], [315, 0.007363176739060445], [317, 0.011957619813513322], [318, 0.0065289862085161614], [320, -0.009759141766305175], [324, 0.0037407713070765946], [329, 0.008784767333351772], [330, 0.009636315173002872], [338, 0.009656464083201494], [345, -0.013042707710097221], [349, 0.008088080288395208], [352, 0.04660110266189896], [354, 0.05026870146823321], [357, 0.007322209109511046], [361, 0.010333249725716566], [366, 0.05124565088698785], [367, 0.11208408326666536], [368, 0.0019505426871307186], [377, 0.006282628294003538], [378, 0.007379500508871309], [380, 0.03723752635569152], [385, 0.009985151972766348], [388, 0.00486138474304354], [390, -0.0024561100713426168], [410, -0.005828493340640647], [412, -0.009367074277896015], [417, 0.007078236556894774], [423, -0.0006349160786822375], [432, 0.002517653373758277], [438, -9.525656077714309e-05], [441, 0.010939772257140585], [443, 0.014590504830808735], [459, 0.00934521634544099], [461, -0.02534252989720047], [466, 0.010883577498132086], [475, 0.006939185725015586], [477, 0.01505759601585445], [483, 0.005264851989672703], [488, 0.0001774189223495001], [489, 0.003898951203831376], [493, 0.0008364434176214913], [497, 0.004511754519297269], [512, 0.004158563385033874], [515, 0.004449878490651146], [521, 0.05115313675616494], [531, 0.0036011677894389636], [541, 0.010465818469307062], [552, 0.004979284670646412], [558, 0.012288439586875827], [559, 0.04779360591251481], [578, 0.0033601866933715913], [580, 0.005544065061795188], [590, 0.0007644983608964085], [599, 0.002612525488494938], [606, 0.009993855032673419], [614, 0.002197907800522415], [616, 0.02200499722899661], [621, 0.02863912502224389], [629, 0.003414707665342326], [642, 0.04988000072412298], [643, 0.5329576824547845], [667, 0.002693880822023125], [677, 0.0075282369744828935], [682, 0.0076363442652700505], [686, -0.0008192053402729417], [689, -0.00015968099770402719], [691, 0.006505744642809622], [716, 0.001964279574717037], [718, 0.01240291839898731], [728, 0.011235691521960751], [751, 0.016073452408620806], [758, 0.0024246451201260025], [767, 0.05061166533693893], [789, 0.07234095673261398], [792, 0.009308943116297885], [816, -0.002665911816103355], [819, 0.0037218755522800003], [834, 0.20739079320462217], [838, 0.00443758692032635], [840, 0.0034668605884595944], [853, 0.009546226756768536], [855, 0.01400670716905455], [857, 0.0004455084035054649], [879, 0.017973512002284833], [883, 0.0038902295693436627], [887, 0.015753705917558442], [889, 0.015519021836513894], [895, -0.0057571486957350764], [903, 0.02768936334936807], [910, 0.011292505361219111], [911, 0.013473956763446007], [928, 0.0001434055638055], [936, 0.008409622637252066], [950, 0.0017902802415803688], [970, 0.011651754215255853], [971, 0.016152629240936404], [973, -0.031861350709458613], [976, -0.029090754170081744], [980, 0.04259749646087166], [982, -0.017669727520751327], [983, 0.01895241854838922], [984, 0.009396900958914517], [987, -0.044663555234747424], [989, 0.04175859402493167], [990, 0.0030768879269116754], [991, 0.015250193635663177], [992, -0.044018291830459536], [998, -0.017276779921304865]]}