{"truncation": 0.9274968879513277, "latent": [-0.9313118704029738, -0.9451291360324409, -0.026358394823560283, -0.30002328654418653, -0.030925985457381122, -0.045246936446436514, -0.29360220868920317, -0.6747389199101679, -0.8814875411745767, -0.8436030486917476, -0.7925727789070529, -0.7964413825565245, -0.8558997059813046, -1.0, -0.7958518027186077, -0.7142651592249701, -0.3188054706993304, -0.911589599710167, -0.9127015326263215, -0.9577913401752461, 0.842577435960737, -0.8622996210344216, -0.638488161405205, -0.9256175164357066, -0.31374354665913196, -0.7751698462617082, -0.043727273521162124, -0.7665280052707336, -0.7418423857214561, -0.7921576155740426, -0.8528791811826184, -0.9709726113552517, -0.6397694968787063, -0.9100920527932416, -0.8516431681605023, -0.8893900714571804, -0.900186706929943, -0.6938724529365281, -0.9288254269351482, -0.09639710212962904, -0.8267149140809318, -0.846483845584821, -0.9609717438715853, -0.7125954914933543, -0.8965001977406191, -0.7218448132809332, -0.8691894907183112, -0.5415476802591545, -0.7774434780760823, 0.9798069198072197, -0.4711419622538816, -0.8972080401025183, -0.5797949680044441, -0.8488478424690749, -0.6533610688073395, -0.9608886482740807, -0.6132522167016874, -0.9683539921994632, -0.9196896904810407, -0.9041007213988134, -0.9511229945393503, -0.7567733585826399, -0.90160087835589, -0.8022344555953255, -0.8838153067584491, -0.9052027579001939, -0.9086043084529107, 1.0, -0.8294389356205712, -0.8721091540222786, -0.8442019825589633, -0.8941812252230656, -0.7952561957739536, -0.8883608355044434, -0.5554083073262819, -0.6702768469398367, -0.7909394045382571, -0.8875281858176157, -0.6287561870473468, -0.8199128609476896, -0.5070596013382096, -0.8603268932842757, -0.8722239085205795, -0.11558043094273895, -0.17421357180016517, -0.8254530299497785, -0.8412216165328303, -0.5709299897623683, -0.8555843376056556, -0.9269239265013411, -0.8897084754694241, 0.9096668257624143, -0.8864288491871756, -0.15599412486411524, -0.5616753514336947, -0.900306260210816, -0.805916111008937, -0.9083633245389334, -0.35053914283144494, 0.5870614415880433, -0.8987145696831669, -0.95248670632103, -0.7896761215412443, -0.8884268243110336, -0.5050315296681892, -0.8022396446091592, -0.6525366513126216, -0.8825225448709567, -0.8840475657188488, -0.09552816819994014, -0.8203413204660635, 0.10256636148220344, -0.8821223100260399, -0.8443635631372597, -0.5768186978117118, -0.7894479972065873, 0.6327505671726295, -0.8748591032667721, -0.8107017543608859, -0.9058527238047246, -0.8599707095426732, -0.9215674795818963, -0.8172847886395358, -0.7897074499974319, 0.3487876007627866, -0.8272089059569332, -0.8901048990120801, -0.9778712892922798], "classes": [[1, 0.009383419586952402], [2, 0.00132092090761834], [4, 0.010054236261432634], [5, -0.0014575046684171366], [6, -0.016832043274621924], [8, 0.006576151691107983], [11, 0.028774644008864463], [12, 0.004973933495662801], [16, -0.0032117927083492475], [17, -0.15751541733534663], [18, 0.01861125306865283], [19, -0.004333714754211135], [25, -0.00123618841764236], [28, 0.005820330352359685], [29, -0.004724671411810978], [30, 0.004424538873618986], [32, 0.009407453876886252], [34, -0.0044333995496765215], [35, -0.0037178063742306145], [36, 0.0035783346677467206], [40, 0.020321582778936607], [44, 0.006148029029488963], [46, -0.005869973349800354], [47, 0.014475497661827923], [49, 0.004312188484883338], [51, 0.015005326301773222], [60, 0.0005693720542353439], [63, 0.006085583885325541], [64, 0.030851760150432603], [66, -0.002387748874286668], [69, 0.00653939334128526], [73, 0.0050978197819514055], [74, 0.0021038351132480573], [75, 0.00243521793630316], [76, 0.0023662802295119235], [77, -0.25490141833334407], [81, 0.03223601544217098], [85, -0.0011266491901083722], [87, 0.006289007259828435], [88, 0.0028423281181972925], [89, 0.0056298550561918355], [90, 0.009406216222776766], [92, 0.002039507868066907], [94, 0.0075776374573278335], [95, 0.0038698661385874935], [97, 0.02416718701664678], [100, 0.00040566171726658345], [101, -0.0862313863346905], [102, 0.0037266618602639088], [104, -0.09367413572113868], [107, 0.2865470483047455], [108, 0.030628261789984595], [109, 0.13427312811892175], [110, -0.00460220741054871], [111, 0.003187627974478897], [114, 0.005670093850137833], [115, -0.004322397031168441], [116, -0.007672971068656416], [121, -0.0070460363408514325], [123, -0.00017608263671462754], [125, 0.007661705214118533], [126, 0.003527393669549843], [127, 0.02531358429871742], [128, -0.003258647136628666], [129, -0.00408879558608516], [130, 0.00896550869320219], [132, -0.0040316076051830525], [135, 0.0018431849255024233], [139, -0.003585593024896922], [142, 0.006076441889662176], [144, 0.011786373341814859], [146, 0.020702506078835285], [147, 0.009839824253783146], [148, 0.004820395225528793], [150, 0.0050709880149678215], [151, 0.0029709076955537605], [153, 0.0031384369783840223], [154, 0.00813366663845398], [157, 0.0058505739161460995], [158, -0.0017700283408419472], [168, 0.027535354748865454], [172, 0.0002141480185876222], [173, 0.0030627091009062094], [177, -9.152583265644075e-05], [179, 0.005311707074655001], [181, -0.001606104920753881], [183, 0.004541685145734219], [184, -0.002081793955778319], [185, 0.02809939955649891], [186, -0.0020839741239684446], [187, -0.0017840581321635952], [189, 0.027282033815203676], [191, 0.5231865015893111], [192, -0.0022478038602927837], [193, 0.0037845002608643892], [194, -0.0013040976190432142], [197, 0.003249225720350249], [200, -0.0007755788461628833], [202, 0.0024129617838966624], [204, -0.0017020485717358902], [206, -0.0021224228216397464], [209, -0.003586957171191075], [213, 0.32982447477939264], [215, -0.0021399354557099094], [218, 0.007176253568290299], [221, 0.0040946189588121264], [227, -0.00516788108153102], [230, -0.00018361831944634934], [231, 0.0035675433501906016], [236, 0.002580373244089322], [238, -0.0039188541285827255], [241, -0.0014129368865855184], [247, 0.013351070590818758], [249, -0.000273675293868421], [255, -9.235323723147547e-06], [256, 0.010155040778075098], [259, -0.009076076027244835], [261, -0.0036524592350098], [265, 0.0018379848154478344], [268, -0.006157356536048526], [269, -0.0015047592470489742], [270, -0.00122430031224326], [271, 0.013333799563068481], [272, 0.003227811336550005], [273, -0.0031189063294795667], [276, 0.008367270969465195], [279, -0.00662673944623787], [281, -0.0726491906553679], [287, -0.0343425294965852], [289, -0.16722600699618456], [290, -0.004665275151287133], [291, -0.0029987948835143224], [295, 0.017255567214565296], [296, 0.0093200036899044], [297, -0.003368943583085429], [298, 0.0038651369425368545], [306, 0.00545061655608937], [309, 0.006627259727730693], [317, -0.0748367864466887], [318, -0.1042879861409733], [327, 0.00820241414157717], [328, -0.002981167727205008], [329, -0.004117243781762044], [332, 0.0025064977661058787], [333, 0.004729386112371109], [335, 0.009817152127942552], [336, -0.003024913542822127], [337, 0.005020916815992167], [340, 0.0009308362054912215], [341, 0.003138389814105707], [342, 0.004973124057068433], [345, -0.2227702539520024], [346, 0.0035070684368820604], [348, 0.0006300247800610489], [350, 0.029853814333932135], [354, 0.018820103675733234], [355, -0.1934836690302496], [356, 0.0034412751518725264], [358, -0.0034323535777307196], [366, -0.0010340328430607144], [367, 0.0007625120402743571], [369, -0.006589873005507707], [370, -0.005418388820043393], [376, 0.009173449735139175], [382, 0.003764401939024604], [383, -0.0047329079799158244], [385, -0.003906748660789353], [386, -0.0012407509899275766], [390, -0.004480745977765906], [392, 0.007232658746620023], [393, 0.006745458489194275], [395, 0.0029525638855897665], [397, 0.011369610103310245], [398, -0.0035106061889713398], [399, 0.00508171657535386], [400, 0.004422220809788458], [401, -0.17187338152017895], [403, 0.007111133005389175], [405, 0.004212395641280253], [409, 0.012224893025960356], [411, 