{"truncation": 0.7696946259947698, "latent": [-0.7156267806832466, -0.8992224779286287, -0.9490117654313441, -0.9601120533446788, -0.8570030488624337, -0.865280734962062, 0.0020570483325594857, -0.9680823143754606, -0.8790855775127306, -0.5512481983999722, -0.619538963857077, -0.9594551625649644, -0.1171832238972279, -0.9561570162266774, -0.9675700862895011, -0.8475960155755408, -0.9212821823448315, -0.05989285445418846, -0.9084857719458179, -0.6627962273285711, -0.9734579316433416, -0.8844942159546852, -0.7302164461788686, -0.9266881665473563, -0.8484058047420775, 0.02872917916142037, -0.952580657137686, 0.225093428715039, -0.9304195432316396, -0.9131371508946836, -0.9513354459579206, -0.9453215124839799, 0.9177958756562972, -0.7743728867616967, -0.5212354917338207, -0.9615018744833941, -0.47819497407051337, -0.9286990753277933, -0.7176407658367792, -0.9726472879629818, -0.9608321113139877, -0.9472965835000893, -0.8760755362546299, -0.9283393461413054, -0.4892314013532316, -0.9826565317607576, 0.3771124240638388, 1.0, -0.9120576928147921, -0.48620068043544273, -1.0, -0.8258179639977319, -0.8133760444402315, -0.9510649001278497, -0.6611430375005142, -0.9258155634862784, -0.9904823148177166, -0.6078614120545592, -0.9503320129288776, -0.9707025947929874, -0.1521542476447496, -0.8755030377459077, -0.8296440107850167, -0.8074978067688624, -0.7892335371720332, -0.8645907715540027, -0.6924613371407299, -0.1124378244946852, -0.9697323090622769, -0.8782987790825328, -0.9500207986220476, -0.5265368100760455, 0.5837573059408463, -0.8577323973272304, -0.45819522286085157, 0.006052406927954168, -0.9287035261198016, -0.9156165447131005, -0.8947396120554029, -0.46118642073982485, -0.7598909967950549, -0.9845531299532729, -0.7715652106747456, -0.8342152239861709, -0.776788695308577, -0.9993266750430176, -0.7243238221640007, -0.869011507442117, 0.844920045238926, -0.7110593927415793, -0.9011890341073381, -0.648647608821284, -0.45925545495286624, 0.9724149030009632, -0.459052580985451, -0.9921846516160981, -0.14648119741803456, -0.994764044368351, -0.6672095337549707, -0.7209970300336694, -0.9137131685101327, -0.16908734267396597, -0.8204002040925507, 0.022014375182305423, -0.054664369403353064, -0.8647980494865923, -0.7624442004804695, -0.5710805621140816, -0.06879538727928403, -0.9361730128993832, -0.8352424451049429, -0.790692140227219, -0.8189688645255693, 0.6961085920740346, -0.9483242597599438, -0.2225547024430401, -0.5046387820684899, -0.8940816860293151, -0.28539910313194483, -0.9443682460964016, -0.3924871113549686, -0.9624866996609955, -0.9345183125606655, -0.9954048731076853, -0.8085506612430453, -0.7820866345402633, -0.9672520784194667, -0.6792794546051675], "classes": [[1, 0.006494872154618431], [2, -0.0031559476419899197], [3, 0.007675554703073598], [4, 0.0024732203474486575], [5, -0.002578394509938936], [7, -0.006380649947474356], [8, -0.023008451729916023], [9, 0.006141084522960263], [12, 0.005098222847688528], [14, -0.019574280197043194], [16, -0.004552264888066988], [17, 0.021342244383115973], [18, 0.005480297389240607], [19, -0.002157002870265489], [20, 0.011175262862815193], [25, -0.006353300905686599], [28, 0.002920055139478871], [29, -0.01780304988507115], [35, -0.005448781244072367], [36, 0.006602494287026658], [37, -0.004141841133735836], [38, 0.0429922355660792], [41, -0.004367244532667722], [46, 0.005323906331983853], [49, 0.004250476420585475], [50, -0.005609790182972068], [51, 0.0044211818793852406], [52, -0.02087035157881737], [54, -0.002587692915967829], [55, -0.0036869091353735443], [56, -0.006118406005632453], [57, -0.005277489809358234], [60, -0.0038430141428790936], [66, -0.003933769431148031], [68, -0.0020626905401110447], [69, -0.004346538604050626], [70, -0.018002367639215], [71, -0.03910394499086271], [73, 0.03000182023466693], [74, 0.0041481663989575155], [78, -0.04717203624379395], [79, 0.003703111305123608], [81, 0.003075393709775334], [85, -0.0038449033778345486], [86, -0.0038473787817415914], [87, 0.023010057754537194], [90, -0.11356714162109066], [92, 0.009208470434630602], [93, 0.006311031880816883], [94, -0.016560739919223452], [100, 0.016208348173178844], [103, 0.003084453076639612], [105, 0.022621458954326865], [106, -0.003063528626435481], [107, 0.06296128027424365], [108, 0.024254092225013513], [109, 0.015153447224248185], [110, -0.050796912573493766], [111, -0.009486339939687158], [112, 0.007730877290939475], [113, 0.010481167573268384], [114, 0.005464029856845649], [115, -0.004400638295565718], [116, -0.005272221676168185], [117, -0.053723022611412305], [119, 0.0052647132432840655], [120, 0.007295999542290868], [121, 0.020157499834668552], [122, 0.0026412142920731393], [123, 0.00504423833567915], [126, 0.0038721849412665017], [127, -0.005124269444639017], [129, -0.003954455253903721], [130, 0.004048463594321124], [131, 0.009959700868562576], [132, -0.0052039103532173225], [134, 0.004675796492581888], [135, -0.0030753881112425586], [143, 0.003933518568038825], [146, -0.02352594972637894], [147, 0.005186183672100764], [148, -0.031010253238259733], [149, 0.004256546851987637], [150, 0.00584083177867592], [154, 0.0022698853928991925], [155, 0.003194529686668286], [157, 0.007343398095658712], [158, -0.005831678870453345], [161, 0.007160328612722153], [163, -0.004940587484082814], [164, -0.004074886058945251], [169, -0.002981738369160527], [170, -0.0036714154030360988], [172, -0.003565672234814531], [176, -0.005762009611892], [177, -0.037336590433829586], [181, -0.0020233547823094813], [186, -0.0038957851253888474], [188, -0.018817581998148147], [189, 0.008471205395667269], [191, 0.003299827882277543], [192, -0.006040141460537841], [193, 0.005892712175682161], [195, 0.021957218254436476], [196, 0.0031331556390763655], [200, -0.004081653352184906], [201, 0.0023609964722193276], [202, 0.0038939183202277962], [204, -0.005622909424378425], [205, 0.0047524556523987575], [206, -0.004522619904977846], [209, -0.0077149357414515105], [212, 0.048869649878750754], [213, 0.005726865468257268], [215, -0.005179814554609733], [216, 0.00390240596950198], [218, -0.004004636618224956], [219, 0.0025837733012546897], [221, 0.0045893692950107765], [223, 0.009052124666317739], [224, -0.0031531043754991417], [227, -0.003354938570171522], [230, -0.01828150216571333], [232, -0.006354368299303376], [236, -0.006004004787373434], [237, -0.03994976817273199], [240, -0.003996537348386756], [241, -0.007294989397369353], [247, -0.00409093240898392], [249, -0.004028365034746767], [251, 0.12392148241907468], [253, 0.006854275835789977], [254, 0.02675761754876034], [255, -0.003991801353983735], [258, 0.03222106081126723], [261, -0.002906001280119568], [262, -0.005340107518566335], [264, 0.002819484051786252], [268, -0.003515591567692912], [269, -0.0017622483906657668], [270, -0.0049444841963681985], [273, -0.003969064719466748], [278, -0.0024163676353934323], [279, -0.004262331049787529], [281, -0.026095301730992955], [282, 0.09604456676131465], [283, 0.14411536673873143], [286, 0.005718065224560061], [287, 0.001501735391159159], [288, 0.00556279009195971], [289, -0.005057950022813673], [290, -0.004247464866723328], [291, -0.0026683096770358187], [295, -0.0097149676682653], [296, -0.0101047681461463], [306, -0.0031729366873390593], [309, 0.0049272747084188745], [314, 0.003781159827027064], [315, 0.005656131891931112], [316, 0.002566123773474392], [323, 0.01645630225409215], [324, -0.0035013701470774554], [325, -0.004081545639799989], [327, 0.005979493134303993], [329, -0.009959017155585384], [333, 0.007714618109981936], [334, 0.667550346600656], [338, -0.009382286273940891], [339, 0.08870588629827914], [341, 0.004711562012316865], [344, -0.006205126450837266], [347, -0.003826498323744638], [348, 0.004109727852148259], [350, 0.0038546659262717045], [354, -0.005390700444674011], [356, 0.02251609109714366], [360, -0.018077316443501308], [361, 0.00359647875405936], [363, -0.0055149224364463255], [366, -0.12347952495328521], [368, 0.025437554046467276], [369,