{"truncation": 0.9719881181221917, "latent": [0.055176016187415966, -0.04158861591033336, 0.01634842735240083, 0.11235932825743822, -0.02007710118364181, 0.9999672867750031, 0.6488953518847467, -0.044830552991968364, 0.225273420756678, 0.9999672867750031, 0.05580981911948135, 0.0072614318837473935, -0.0826121928494209, 0.6322545868714209, 0.287651351282604, 0.9999672867750031, 0.021599858362640223, 0.0069888246598421855, 0.03413579631464603, 0.6656587042581132, -0.0631321902923, 0.9064410878145059, 0.2115016901549478, 0.15212449291324237, 0.29394817697722186, -0.08773917514245433, 0.1401405647147833, 0.30759231418506516, 0.01924726726567494, 0.027554607743299986, 0.9999672867750031, 0.9221908650576542, 0.1198572307031498, 0.9999672867750031, 0.488073057094192, 0.9999672867750031, 0.26438228127103325, 0.4439050327578382, 0.0547849090261292, -0.023124212094130958, 0.9999672867750031, 0.9999672867750031, 0.6924914356713265, 0.21711738580472195, 0.9999672867750031, 0.9999672867750031, 0.9999672867750031, -0.07023177290476534, 0.1782976276667514, 0.0165359499044897, 0.07027493173599098, 0.3121077083071495, -0.030255529613981924, -0.047674831500236436, -0.016801752606394715, -0.03007440450423593, 0.4446735610088044, 0.32128678968065505, 0.9999672867750031, 0.12570966315717258, 0.974973861515797, 0.34230672759475134, -0.028503136811491636, 0.9999672867750031, 0.34616735977919366, 0.9999672867750031, 0.6046167592440401, 0.9999672867750031, 0.09440430485277518, -0.12408121591348464, -0.03359980079065639, 0.9999672867750031, 0.7531373264624739, 0.09334431922659059, 0.9999672867750031, 0.9999672867750031, 0.2058286135325158, 0.2561605858454925, 0.9999672867750031, 0.28412652559967344, 0.06276362830416926, 0.007282898148814887, 0.4559360921047073, 0.23769270096275275, 0.1425599581044008, 0.24777239728735712, 0.03749692091058843, 0.09180047806116431, 0.9999672867750031, 0.10380808212099013, 0.9822200853452583, 0.9999672867750031, 0.4119684694064967, -0.006051486259398442, 0.005535367018167037, 0.02687751654295023, 0.9999672867750031, -0.01457103029875162, 0.6571873684655423, 0.9999672867750031, -0.05058926414213294, 0.06663916017533733, 0.10037108524020222, 0.024458483379094842, 0.017666810492267926, 0.9999672867750031, -0.014486615969244498, 0.3623030199376036, -0.05329605277045202, 0.0191714064066415, 0.0848239518013405, 0.9999672867750031, 0.030394097333206638, 0.9999672867750031, 0.48384375378317634, 0.9749305961795478, 0.9999672867750031, -0.004499840582503634, -0.004061055245417555, 0.9999672867750031, 0.8983785833154221, -0.047566111781781606, 0.15728472432479879, 0.19783308781585274, 0.7495860578965596, 0.6963783653243114, -0.010756360047772917, 0.012513965356649281], "classes": [[1, 0.005896419122064005], [7, 0.002247499404019951], [9, 0.006319830020318892], [11, -0.00641798886351461], [12, 0.0009588058616072094], [15, -0.0043183047851024885], [23, 0.004813469129690832], [27, 0.005743996072669278], [30, -0.005845445600336145], [32, -0.011023612923115787], [35, 0.0051582539258681346], [42, 0.009082939688053626], [48, -0.0010851070421518873], [53, 0.005252966772640662], [55, 0.011066436722113025], [59, 0.011892881651017869], [61, 0.005396101236886695], [73, 0.042320787116743856], [77, 0.05083881316194023], [82, -0.025341016779026344], [100, -0.0018818195984684409], [102, 0.014239664031843284], [103, 0.0102563046624576], [107, 0.00899299192959117], [108, 0.008269479322493448], [111, 0.0002239908184942885], [119, 0.07653941181682619], [120, 0.005215465111213652], [126, 0.004758798752450216], [130, 0.0020793347023310474], [131, 0.015362497168046158], [132, 0.003948124747889983], [143, 0.007018533980075214], [148, 0.0503103500959992], [160, 0.0031490233872033197], [167, 0.003925291230134126], [171, 0.002596341435119067], [182, 0.028281948518700348], [185, 0.00946981261680771], [189, 0.008640312785310932], [195, 0.0028604831564540472], [209, 0.05066520064026232], [260, 0.0025982643389795947], [265, 0.05577552979981734], [270, 0.0055477746275673714], [279, 0.011500791140717375], [303, 0.0077743820574987885], [305, -0.003063788904173831], [306, 0.005953513901416046], [315, 0.007363176739060445], [317, 0.011957619813513322], [318, 0.0065289862085161614], [320, -0.009759141766305175], [324, 0.0037407713070765946], [329, 0.008784767333351772], [330, 0.009636315173002872], [338, 0.009656464083201494], [345, -0.013042707710097221], [349, 0.008088080288395208], [352, 0.04660110266189896], [354, 0.05026870146823321], [357, 0.007322209109511046], [361, 0.010333249725716566], [366, 0.05124565088698785], [367, 0.11208408326666536], [368, 0.0019505426871307186], [377, 0.006282628294003538], [378, 0.007379500508871309], [380, 0.03723752635569152], [385, 0.009985151972766348], [388, 0.00486138474304354], [390, -0.0024561100713426168], [410, -0.005828493340640647], [412, -0.009367074277896015], [417, 0.007078236556894774], [423, -0.0006349160786822375], [432, 0.002517653373758277], [438, -9.525656077714309e-05], [441, 0.010939772257140585], [443, 0.014590504830808735], [459, 0.00934521634544099], [461, -0.02534252989720047], [466, 0.010883577498132086], [475, 0.006939185725015586], [477, 0.01505759601585445], [483, 0.005264851989672703], [488, 0.0001774189223495001], [489, 0.003898951203831376], [493, 0.0008364434176214913], [497, 0.004511754519297269], [512, 0.004158563385033874], [515, 0.004449878490651146], [521, 0.05115313675616494], [531, 0.0036011677894389636], [541, 0.010465818469307062], [552, 0.004979284670646412], [558, 0.012288439586875827], [559, 0.04779360591251481], [578, 0.0033601866933715913], [580, 0.005544065061795188], [590, 0.0007644983608964085], [599, 0.002612525488494938], [606, 0.009993855032673419], [614, 0.002197907800522415], [616, 0.02200499722899661], [621, 0.02863912502224389], [629, 0.003414707665342326], [642, 0.04988000072412298], [643, 0.5329576824547845], [667, 0.002693880822023125], [677, 0.0075282369744828935], [682, 0.0076363442652700505], [686, -0.0008192053402729417], [689, -0.00015968099770402719], [691, 0.006505744642809622], [716, 0.001964279574717037], [718, 0.01240291839898731], [728, 0.011235691521960751], [751, 0.016073452408620806], [758, 0.0024246451201260025], [767, 0.05061166533693893], [789, 0.07234095673261398], [792, 0.009308943116297885], [816, -0.002665911816103355], [819, 0.0037218755522800003], [834, 0.20739079320462217], [838, 0.00443758692032635], [840, 0.0034668605884595944], [853, 0.009546226756768536], [855, 0.01400670716905455], [857, 0.0004455084035054649], [879, 0.017973512002284833], [883, 0.0038902295693436627], [887, 0.015753705917558442], [889, 0.015519021836513894], [895, -0.0057571486957350764], [903, 0.02768936334936807], [910, 0.011292505361219111], [911, 0.013473956763446007], [928, 0.0001434055638055], [936, 0.008409622637252066], [950, 0.0017902802415803688], [970, 0.011651754215255853], [971, 0.016152629240936404], [973, -0.031861350709458613], [976, -0.029090754170081744], [980, 0.04259749646087166], [982, -0.017669727520751327], [983, 0.01895241854838922], [984, 0.009396900958914517], [987, -0.044663555234747424], [989, 0.04175859402493167], [990, 0.0030768879269116754], [991, 0.015250193635663177], [992, -0.044018291830459536], [998, -0.017276779921304865]]}