{"truncation": 0.5, "latent": [1.0, -0.37009243845727413, -0.7051541933173756, -0.8297148227045384, -0.7965603922499503, -0.8895639175134252, -0.8570698358733372, -0.8974233652849539, -0.9235650519442139, -0.8350668075359712, -0.9652509887860925, -0.9564371897043096, -0.9594384724693619, -0.9645469123017602, -0.9198049730237253, -0.9630189907905178, -0.946580936084433, -0.9402759120320102, -0.9832768993923872, -0.9994176775270588, -0.9632595275067684, -0.9054147366031984, -0.9808092242566842, -0.9553520111190072, -0.9358289649835041, -0.9816809104480037, -0.9737635033861316, -0.9723288042063855, -0.9575171744387608, -0.9751927868047827, -0.9637914628471683, -0.9877778320003234, -0.9781580488081129, -0.9502719233278715, -0.9536944849953217, -0.9727132535270251, -0.9885774618906421, -0.9767847447317429, -0.974669441692825, -0.9857176494408636, -0.9771796627794848, -0.9828109472917704, -0.9759177504341732, -0.9653876132357063, -0.985741019818233, -0.9801845893861172, -0.9607081266213092, -0.9589154201432651, -0.985237172982839, -0.9887208339176281, -0.9929359877589997, -0.9591699630518357, -0.9574460337020785, -0.9495494313936013, -0.9974741131242394, -0.9888215893789657, -0.976988038420406, -0.973963705748013, -0.9974435649572198, -0.9764103897097187, -0.9964923451874615, -0.9769320725976623, -0.9766491834820007, -0.9916238182496506, -0.9753464466472863, -0.9822732526038743, -0.9903615744279662, -0.9961267522079917, -0.9803427520894304, -0.9738493607210429, -0.9878408955743757, -0.9869017744402138, -0.9964690378883504, -0.9848351396758698, -0.9906094242127235, -0.9923273788635111, -0.9664543720544494, -0.9659396125960581, -0.9642203935660897, -0.9842725159980493, -0.9654899254377659, -0.9818586939963914, -0.9580266615163391, -0.9722925791749011, -0.9601358338838465, -0.9801428174699393, -0.9751342433319806, -0.9580607851635465, -0.9743616058939375, -0.9786121997234766, -0.9925039695484886, -0.9686568757264238, -0.9637914332851445, -0.9657506516824068, -0.9685240611533653, -0.9572139871535457, -0.9299841950613407, -0.9397910127683324, -0.9818341878731403, -0.9349754259108984, -0.9976606571246239, -0.9448813054918286, -0.9233653750168744, -0.9227104793639723, -0.9220433636624693, -0.9582974435831597, -0.9826017719479075, -0.9776961352570462, -0.975370625885733, -0.9644928563809242, -0.9732750982927454, -0.955792773553151, -0.9882656858365785, -0.9649041738965148, -0.9758028235513354, -0.9791163615739188, -0.9953486863575699, -0.951614203405836, -0.9625317425510733, -0.9621119161154041, -0.9705133204668716, -0.9817553716954444, -0.9700591261060125, -0.9802763489033639, -1.0, -0.959239260548453, -0.9249127194656109, -0.9445496535185358], "classes": [[8, -0.004495637445177153], [9, 0.0021072749949670316], [14, -0.004622473900110726], [16, -0.002003598554060107], [18, 0.004732622569421429], [25, -0.0033821379733070134], [29, -0.015543246988340302], [38, 0.016665637796939116], [40, 0.009254346684002537], [43, 0.0022825293383474023], [47, 0.0041778069529946095], [50, -0.0039194409336398344], [52, -0.013766104256702816], [56, -0.003233589654448775], [57, -0.0299115771964165], [59, -0.010727526971567328], [60, -0.0025914896357699772], [63, -0.0035651182013076233], [70, -0.0052786212564612175], [71, -0.016835370883613546], [74, 0.02526913569499154], [78, -0.00345268258627268], [87, 0.007072165469647651], [89, 0.0022249277447603474], [90, -0.005382115055436882], [100, 0.19189382577212644], [101, -0.01480999797943305], [105, 0.013665898779191533], [107, 0.04733950761801066], [108, 0.03819654299946994], [109, 0.07514624682234962], [110, -0.01629612901047992], [117, 0.25120968010795397], [121, 0.006762983220956465], [123, 0.005023172199512165], [127, -0.0023466522144782102], [130, 0.007306120563148286], [131, 0.004971740138199532], [133, 0.0016783270981841018], [134, 0.0030909558272599214], [146, -0.007344965494903463], [148, 0.0034587906909677724], [149, 0.005096356179265347], [153, 0.004598238112142525], [157, 0.0033713376185790372], [158, -0.002124276714087187], [161, 0.002381941703049178], [169, 0.10567306423620357], [175, 0.0029925049618283106], [177, -0.002826862628113087], [179, -0.012877070681438898], [183, 0.006195477499092285], [184, 0.006250008426855684], [188, -0.0049682542835426495], [189, 0.002861172093127638], [201, 0.0017172700071171917], [202, 0.0024410863339564765], [203, 0.17745583108052884], [212, 0.12299518466460613], [214, 0.3003655999509214], [221, 0.002494148930481386], [222, 0.6003104765361567], [226, 0.06949069548658832], [227, -0.011457735009912609], [228, 0.20041210080496014], [230, -0.01171938619991483], [237, -0.002519796897385965], [254, 0.0035254104659227714], [257, 0.0034259856282978073], [280, 0.10993833455143284], [282, 0.0069930950102433664], [283, 0.7988682969254421], [285, 0.01075936869991677], [286, 0.015031537466433459], [294, 0.0030014131297807106], [295, -0.024482570244690246], [297, 0.007444509719332339], [320, -0.011846064443327906], [323, 0.006111689659818941], [327, 0.031595802582561255], [329, -0.004413132831035814], [334, 0.010225827781386233], [338, 0.002914187494515213], [339, 0.007124952012503226], [342, 0.004294027901341707], [346, 0.00232237893809611], [350, 0.003289148017705298], [352, -0.06487417303188187], [354, -0.0027593539242972333], [360, -0.0028916131979761462], [363, 0.05], [366, -0.005649680671200967], [368, -0.007206735996449862], [376, 0.003127807271694266], [378, -0.00866200247351803], [380, 0.0017014551603123256], [381, 0.013632538748861629], [383, -0.0031658669636011145], [385, -0.005814411261497597], [386, -0.009135069109801542], [390, -0.0033833192605284127], [391, -0.012078295025575666], [393, 0.0013573735594319624], [397, 0.0034823438741360133], [398, -0.017596130335417792], [399, 0.0039014015066158735], [403, -0.002459759366006153], [405, 0.0036713077432845975], [410, -0.04468618759876987], [414, 0.0044072521401685915], [417, 0.004746877219379251], [419, 0.003008011604616341], [420, -0.007474265509367646], [421, -0.0023362619274978833], [425, 0.003911571740240293], [428, 0.038721797282449635], [433, 0.017362240740064927], [434, -0.002750603432639581], [438, 0.004984521496992966], [441, 0.005072171492296145], [443, 0.003400238744544626], [445, 0.07698080688280404], [448, 0.01238095720085919], [452, -0.013835955875405061], [456, -0.010390840720912281], [459, 0.004824516989199748], [473, 0.003869693096074162], [479, 0.007637602508558829], [480, 0.01896993890529506], [483, -0.004574719374417337], [487, 0.00556553220834787], [488, 0.06406645845004294], [489, -0.003504677702496028], [497, 0.004534435860736008], [500, -0.00321959712964112], [502, 0.0023011170676108276], [508, 0.005935632721156518], [522, -0.06254212769094672], [524, 0.004433073036274359], [525, 0.0489767533322796], [538, 0.0024262954544417626], [545, 0.004654874702633515], [548, -0.013426616908911029], [552, 0.004276478641211502], [558, 0.0037230703282693563], [560, 0.0241365178167037], [562, 0.10174763858847732], [563, 0.007391687140967979], [566, 0.012988688965875296], [569, -0.005312586468608807], [570, 0.012040757130507373], [574, -0.01040125957108949], [577, 0.004706556793995231], [578, 0.00700567404923479], [582, -0.010727861890031396], [584, 0.00754599659166101], [590, 0.004933862856396666], [602, -0.004946028297744748], [603, -0.0037809862194090166], [607, 0.005595134233356242], [612, -0.0029284237162119], [614, 0.013624250624573578], [619, 0.04336151607890211], [620, 0.004008051350800141], [635, 0.0064543158583050386], [636, 0.0030265004861427885], [643, 0.042933483070758324], [645, -0.005529993965653356], [646, 0.004626111604610145], [649, 0.002579540860414284], [651, 0.002440157965857756], [654, -0.016768488832613115], [657, 0.013679885346494704], [661, 0.00448063261168885], [663, 0.004586531854682654], [669, 0.0033927682554848173], [670, 0.013573828134403842], [671, 0.0032904143444147478], [677, 0.013017948563024512], [679, 0.016971066527971437], [680, 0.0848483560595489], [682, 0.07157914642514207], [686, 