{"truncation": 0.5, "latent": [1.0, 0.9298834111695242, 0.7418339562450018, 0.4639733081633257, 0.13495169100483273, -0.20777844032978232, -0.530321279953943, -0.7790814509455062, -0.8166052655584908, -0.6886167442287876, -0.587919190794769, -0.5571412695891643, -0.5729034633691606, -0.6426248864651416, -0.738738059131732, -0.8380844954405888, -0.8911864608040612, -0.8893820351641549, -0.8380697008127431, -0.7968746242135625, -0.775730678356507, -0.7740185997007518, -0.8063886471502146, -0.8416649197264982, -0.8840741740972786, -0.9058124337815754, -0.9101806916748166, -0.8979939099551608, -0.8799995223331284, -0.8707753780019553, -0.8747190531506809, -0.8811180449532, -0.8980734131375779, -0.9053306604567394, -0.9158799975938321, -0.9178904801868338, -0.9196842886778848, -0.9096310979836345, -0.9031818786096232, -0.8898971951566363, -0.8830968369128179, -0.8831302998913828, -0.89599309175627, -0.9289383909193748, -0.958324409460489, -0.94062039731292, -0.878937932159254, -0.804349116355998, -0.7311415796640652, -0.6692876281913371, -0.6265599531472483, -0.6092701846587136, -0.6197392213768116, -0.6487832081163001, -0.6935675189795936, -0.753609935467823, -0.8134591260455275, -0.8742995130821889, -0.919513556483825, -0.9464663133522871, -0.9549716301759174, -0.9487770701200253, -0.9449335995975134, -0.9447576784800334, -0.9494998786606899, -0.9587378784617646, -0.961073737054138, -0.9626592111286201, -0.9633885829744058, -0.9630029888139747, -0.9664504176949255, -0.9690851199327412, -0.9719870962278265, -0.9714447153769941, -0.9711767107921803, -0.9687835322176358, -0.9698354882932367, -0.9745494081635575, -0.973057292396264, -0.97478232963995, -0.9736833326552023, -0.9755754050616419, -0.974376929445881, -0.9759681551831474, -0.9760502684774671, -0.9771600026677772, -0.9791475980670703, -0.9805616402934965, -0.9794474948322612, -0.9795535766615975, -0.98023254204104, -0.979966819582605, -0.9823643786893846, -0.9807134414613394, -0.9824824978619274, -0.9846547264477165, -0.9829557946124708, -0.9920650528516066, -0.9959966257929462, -1.0, -0.9945045471093993, -0.9804865332020799, -0.9636585950213823, -0.9447393214233429, -0.9406939391340406, -0.9319438374496932, -0.9286448870843081, -0.9330700019604855, -0.9451374278680553, -0.9531517957561256, -0.9641314240700566, -0.9731627377149055, -0.9777792739736223, -0.9748162333183464, -0.9740028967030245, -0.9772700517649711, -0.9792642372407477, -0.9790089958082415, -0.9848822436859158, -0.9850757872723062, -0.9857931311295278, -0.9802309316352417, -0.9826545645454522, -0.9773011116440521, -0.978409592086281, -0.9824876184494202, -0.9862675478415497, -0.9867642914834871], "classes": [[8, -0.004495637445177153], [9, 0.0021072749949670316], [14, -0.004622473900110726], [16, -0.002003598554060107], [18, 0.004732622569421429], [25, -0.0033821379733070134], [29, -0.015543246988340302], [38, 0.016665637796939116], [40, 0.009254346684002537], [43, 0.0022825293383474023], [47, 0.0041778069529946095], [50, -0.0039194409336398344], [52, -0.013766104256702816], [56, -0.003233589654448775], [57, -0.0299115771964165], [59, -0.010727526971567328], [60, -0.0025914896357699772], [63, -0.0035651182013076233], [70, -0.0052786212564612175], [71, -0.016835370883613546], [74, 0.02526913569499154], [78, -0.00345268258627268], [87, 0.007072165469647651], [89, 0.0022249277447603474], [90, -0.005382115055436882], [100, 0.19189382577212644], [101, -0.01480999797943305], [105, 0.013665898779191533], [107, 0.04733950761801066], [108, 0.03819654299946994], [109, 0.07514624682234962], [110, -0.01629612901047992], [117, 0.25120968010795397], [121, 0.006762983220956465], [123, 0.005023172199512165], [127, -0.0023466522144782102], [130, 0.007306120563148286], [131, 0.004971740138199532], [133, 0.0016783270981841018], [134, 0.0030909558272599214], [146, -0.007344965494903463], [148, 0.0034587906909677724], [149, 0.005096356179265347], [153, 0.004598238112142525], [157, 0.0033713376185790372], [158, -0.002124276714087187], [161, 0.002381941703049178], [169, 0.10567306423620357], [175, 0.0029925049618283106], [177, -0.002826862628113087], [179, -0.012877070681438898], [183, 0.006195477499092285], [184, 0.006250008426855684], [188, -0.0049682542835426495], [189, 0.002861172093127638], [201, 0.0017172700071171917], [202, 0.0024410863339564765], [203, 0.17745583108052884], [212, 0.12299518466460613], [214, 0.3003655999509214], [221, 0.002494148930481386], [222, 0.6003104765361567], [226, 0.06949069548658832], [227, -0.011457735009912609], [228, 0.20041210080496014], [230, -0.01171938619991483], [237, -0.002519796897385965], [254, 0.0035254104659227714], [257, 0.0034259856282978073], [280, 0.10993833455143284], [282, 0.0069930950102433664], [283, 0.7988682969254421], [285, 0.01075936869991677], [286, 0.015031537466433459], [294, 0.0030014131297807106], [295, -0.024482570244690246], [297, 0.007444509719332339], [320, -0.011846064443327906], [323, 0.006111689659818941], [327, 0.031595802582561255], [329, -0.004413132831035814], [334, 0.010225827781386233], [338, 0.002914187494515213], [339, 0.007124952012503226], [342, 0.004294027901341707], [346, 0.00232237893809611], [350, 0.003289148017705298], [352, -0.06487417303188187], [354, -0.0027593539242972333], [360, -0.0028916131979761462], [363, 0.05], [366, -0.005649680671200967], [368, -0.007206735996449862], [376, 0.003127807271694266], [378, -0.00866200247351803], [380, 0.0017014551603123256], [381, 0.013632538748861629], [383, -0.0031658669636011145], [385, -0.005814411261497597], [386, -0.009135069109801542], [390, -0.0033833192605284127], [391, -0.012078295025575666], [393, 0.0013573735594319624], [397, 0.0034823438741360133], [398, -0.017596130335417792], [399, 0.0039014015066158735], [403, -0.002459759366006153], [405, 0.0036713077432845975], [410, -0.04468618759876987], [414, 0.0044072521401685915], [417, 0.004746877219379251], [419, 0.003008011604616341], [420, -0.007474265509367646], [421, -0.0023362619274978833], [425, 0.003911571740240293], [428, 0.038721797282449635], [433, 0.017362240740064927], [434, -0.002750603432639581], [438, 0.004984521496992966], [441, 0.005072171492296145], [443, 0.003400238744544626], [445, 0.07698080688280404], [448, 0.01238095720085919], [452, -0.013835955875405061], [456, -0.010390840720912281], [459, 0.004824516989199748], [473, 0.003869693096074162], [479, 0.007637602508558829], [480, 0.01896993890529506], [483, -0.004574719374417337], [487, 0.00556553220834787], [488, 0.06406645845004294], [489, -0.003504677702496028], [497, 0.004534435860736008], [500, -0.00321959712964112], [502, 0.0023011170676108276], [508, 0.005935632721156518], [522, -0.06254212769094672], [524, 0.004433073036274359], [525, 0.0489767533322796], [538, 0.0024262954544417626], [545, 0.004654874702633515], [548, -0.013426616908911029], [552, 0.004276478641211502], [558, 0.0037230703282693563], [560, 0.0241365178167037], [562, 0.10174763858847732], [563, 0.007391687140967979], [566, 0.012988688965875296], [569, -0.005312586468608807], [570, 0.012040757130507373], [574, -0.01040125957108949], [577, 0.004706556793995231], [578, 0.00700567404923479], [582, -0.010727861890031396], [584, 0.00754599659166101], [590, 0.004933862856396666], [602, -0.004946028297744748], [603, -0.0037809862194090166], [607, 0.005595134233356242], [612, -0.0029284237162119], [614, 0.013624250624573578], [619, 0.04336151607890211], [620, 0.004008051350800141], [635, 0.0064543158583050386], [636, 0.0030265004861427885], [643, 0.042933483070758324], [645, -0.005529993965653356], [646, 0.004626111604610145], [649, 0.002579540860414284], [651, 0.002440157965857756], [654, -0.016768488832613115], [657, 0.013679885346494704], [661, 0.00448063261168885], [663, 0.004586531854682654], [669, 0.0033927682554848173], [670, 0.013573828134403842], [671, 0.0032904143444147478], [677, 0.013017948563024512], [679, 0.016971066527971437], [680, 0.0848483560595489], [682, 0.07157914642514207], [686, -0.01219325396962286], [687, 