{"truncation": 0.5, "latent": [1.0, 0.8904912486078138, -0.655136589789322, -0.6474733422191281, -0.9693648829079242, -0.9573022841555633, -0.9406409509016258, -0.963585796706341, -0.9622029243312562, -0.9653762857952893, -0.932119599272459, -0.9761780542656991, -0.968445617999553, -0.9100914920062994, -0.9659736051016756, -0.9168041831875517, -0.9583063699775343, -0.9943711582524618, -0.9231710590262604, -0.9676976731511719, -0.9746872580616611, -0.9959067282094457, -0.9993416552483209, -0.9356477292526193, -0.9733157618905438, -0.9661917297211217, -0.9925776292480525, -0.996438210495481, -0.9863643861395499, -0.993643329385096, -0.9591191882540795, -0.9610865020391088, -0.9488647473318275, -0.9809356735511539, -0.9742625686844957, -0.9457840821608761, -0.9287074499060544, -0.9910151172306118, -0.9699930121705734, -0.9252483667090321, -0.9670163518776416, -0.9512659722719656, -0.951911056237146, -0.9872294558680527, -0.9702910082461792, -0.9770331619118241, -0.9983759743770035, -0.9677414240255955, -0.9912379242856998, -0.9777575240582812, -0.9885842281962175, -0.9750871326499291, -0.9627742590190087, -0.979853054673668, -0.9923974437160833, -0.9389833766962453, -0.9578505169323138, -0.9438827157571622, -0.9537429064354824, -1.0, -0.9866999679190018, -0.9755685973448541, -0.9792793539696859, -0.9716863879825092, -0.9922083946533234, -0.8635680841581955, -0.9080768163743511, -0.8869884186806009, -0.8730775811259147, -0.8556080983387552, -0.956094063821011, -0.8910777427746756, -0.8943515918568292, -0.9667994723141143, -0.9715195375065789, -0.9603838608738167, -0.9830796709889383, -0.9975425829066678, -0.9290672639371831, -0.9593258830980991, -0.9354544784360771, -0.9613993102255943, -0.9230665063940772, -0.9512004169908029, -0.920076613752279, -0.9120936303875159, -0.9182012907771893, -0.9843160477550983, -0.9305009242142454, -0.934764292944358, -0.9198858839342052, -0.969212532362927, -0.9105813447374256, -0.9681334490442172, -0.9289256235753728, -0.948241262506747, -0.8972677021443557, -0.8973456336727376, -0.9623623880500387, -0.9641567457036171, -0.9500103212087054, -0.9332349852336839, -0.9814791275479358, -0.9509546331808097, -0.9586107069578051, -0.8758151677402203, -0.8065854424262526, -0.8821465938575968, -0.8428941814372282, -0.7553421559212484, -0.8642202079694046, -0.8818399590801594, -0.86600617199422, -0.9544040016342336, -0.9514862674418041, -0.9393633346158066, -0.9845428861514086, -0.9413878476245857, -0.9194943010075909, -0.9095808485090833, -0.9166129873448159, -0.8571928181584568, -0.980098511191671, -0.879679766376719, -0.8846985737415094, -0.8155884730826262, -0.8694541264276587, -0.972509145504205], "classes": [[8, -0.004495637445177153], [9, 0.0021072749949670316], [14, -0.004622473900110726], [16, -0.002003598554060107], [18, 0.004732622569421429], [25, -0.0033821379733070134], [29, -0.015543246988340302], [38, 0.016665637796939116], [40, 0.009254346684002537], [43, 0.0022825293383474023], [47, 0.0041778069529946095], [50, -0.0039194409336398344], [52, -0.013766104256702816], [56, -0.003233589654448775], [57, -0.0299115771964165], [59, -0.010727526971567328], [60, -0.0025914896357699772], [63, -0.0035651182013076233], [70, -0.0052786212564612175], [71, -0.016835370883613546], [74, 0.02526913569499154], [78, -0.00345268258627268], [87, 0.007072165469647651], [89, 0.0022249277447603474], [90, -0.005382115055436882], [100, 0.19189382577212644], [101, -0.01480999797943305], [105, 0.013665898779191533], [107, 0.04733950761801066], [108, 0.03819654299946994], [109, 0.07514624682234962], [110, -0.01629612901047992], [117, 0.25120968010795397], [121, 0.006762983220956465], [123, 0.005023172199512165], [127, -0.0023466522144782102], [130, 0.007306120563148286], [131, 0.004971740138199532], [133, 0.0016783270981841018], [134, 0.0030909558272599214], [146, -0.007344965494903463], [148, 0.0034587906909677724], [149, 0.005096356179265347], [153, 0.004598238112142525], [157, 0.0033713376185790372], [158, -0.002124276714087187], [161, 0.002381941703049178], [169, 0.10567306423620357], [175, 0.0029925049618283106], [177, -0.002826862628113087], [179, -0.012877070681438898], [183, 0.006195477499092285], [184, 0.006250008426855684], [188, -0.0049682542835426495], [189, 0.002861172093127638], [201, 0.0017172700071171917], [202, 0.0024410863339564765], [203, 0.17745583108052884], [212, 0.12299518466460613], [214, 0.3003655999509214], [221, 0.002494148930481386], [222, 0.6003104765361567], [226, 0.06949069548658832], [227, -0.011457735009912609], [228, 0.20041210080496014], [230, -0.01171938619991483], [237, -0.002519796897385965], [254, 0.0035254104659227714], [257, 0.0034259856282978073], [280, 0.10993833455143284], [282, 0.0069930950102433664], [283, 0.7988682969254421], [285, 0.01075936869991677], [286, 0.015031537466433459], [294, 0.0030014131297807106], [295, -0.024482570244690246], [297, 0.007444509719332339], [320, -0.011846064443327906], [323, 0.006111689659818941], [327, 0.031595802582561255], [329, -0.004413132831035814], [334, 0.010225827781386233], [338, 0.002914187494515213], [339, 0.007124952012503226], [342, 0.004294027901341707], [346, 0.00232237893809611], [350, 0.003289148017705298], [352, -0.06487417303188187], [354, -0.0027593539242972333], [360, -0.0028916131979761462], [363, 0.05], [366, -0.005649680671200967], [368, -0.007206735996449862], [376, 0.003127807271694266], [378, -0.00866200247351803], [380, 0.0017014551603123256], [381, 0.013632538748861629], [383, -0.0031658669636011145], [385, -0.005814411261497597], [386, -0.009135069109801542], [390, -0.0033833192605284127], [391, -0.012078295025575666], [393, 0.0013573735594319624], [397, 0.0034823438741360133], [398, -0.017596130335417792], [399, 0.0039014015066158735], [403, -0.002459759366006153], [405, 0.0036713077432845975], [410, -0.04468618759876987], [414, 0.0044072521401685915], [417, 0.004746877219379251], [419, 0.003008011604616341], [420, -0.007474265509367646], [421, -0.0023362619274978833], [425, 0.003911571740240293], [428, 0.038721797282449635], [433, 0.017362240740064927], [434, -0.002750603432639581], [438, 0.004984521496992966], [441, 0.005072171492296145], [443, 0.003400238744544626], [445, 0.07698080688280404], [448, 0.01238095720085919], [452, -0.013835955875405061], [456, -0.010390840720912281], [459, 0.004824516989199748], [473, 0.003869693096074162], [479, 0.007637602508558829], [480, 0.01896993890529506], [483, -0.004574719374417337], [487, 0.00556553220834787], [488, 0.06406645845004294], [489, -0.003504677702496028], [497, 0.004534435860736008], [500, -0.00321959712964112], [502, 0.0023011170676108276], [508, 0.005935632721156518], [522, -0.06254212769094672], [524, 0.004433073036274359], [525, 0.0489767533322796], [538, 0.0024262954544417626], [545, 0.004654874702633515], [548, -0.013426616908911029], [552, 0.004276478641211502], [558, 0.0037230703282693563], [560, 0.0241365178167037], [562, 0.10174763858847732], [563, 0.007391687140967979], [566, 0.012988688965875296], [569, -0.005312586468608807], [570, 0.012040757130507373], [574, -0.01040125957108949], [577, 0.004706556793995231], [578, 0.00700567404923479], [582, -0.010727861890031396], [584, 0.00754599659166101], [590, 0.004933862856396666], [602, -0.004946028297744748], [603, -0.0037809862194090166], [607, 0.005595134233356242], [612, -0.0029284237162119], [614, 0.013624250624573578], [619, 0.04336151607890211], [620, 0.004008051350800141], [635, 0.0064543158583050386], [636, 0.0030265004861427885], [643, 0.042933483070758324], [645, -0.005529993965653356], [646, 0.004626111604610145], [649, 0.002579540860414284], [651, 0.002440157965857756], [654, -0.016768488832613115], [657, 0.013679885346494704], [661, 0.00448063261168885], [663, 0.004586531854682654], [669, 0.0033927682554848173], [670, 0.013573828134403842], [671, 0.0032904143444147478], [677, 0.013017948563024512], [679, 0.016971066527971437], [680, 0.0848483560595489], [682, 0.07157914642514207], [686, -0.01219325396962286], 