{"truncation": 0.5, "latent": [1.0, -0.9251934430545017, -0.951665488567532, -0.8841560215113217, -0.9621577518065355, -0.8363294119226343, -0.9520938445698423, -0.8578209966055708, -0.9932968265712624, -0.8867504700613248, -0.9163160683474078, -0.9439636679019914, -0.9784435557459329, -0.9598392192315642, -0.9542473763652839, -0.8953675955238202, -0.8664898502837024, -0.9144069223162751, -0.9209278905502428, -0.9888238779763115, -0.9524710251971453, -0.8777261908092694, -0.833509633941607, -0.9804241282304293, -0.8631138607633865, -0.9261143458970034, -0.8753806391096375, -0.9645544426269859, -0.9508619941172421, -0.9125084290656003, -0.9386957887013859, -0.9672321978708345, -0.923456926040972, -0.9216245029954087, -0.9531327510156689, -0.8624538376271778, -0.7999804889665496, -0.9380443357254232, -0.8695227567196299, -0.8491741247418636, -0.8659594343200758, -0.9534895615551429, -0.9050581113647045, -0.9658109946613928, -0.9755795880229794, -0.9567838835541425, -0.938897388488015, -0.9330429391953309, -0.8920505292355696, -0.9788618991715682, -0.9384839795693188, -0.9755579553005461, -0.9058947129770807, -0.9336967874386279, -0.9010419709835377, -0.9882021546223361, -0.9164110502242786, -0.8858058191021508, -0.9456845077253875, -0.9961215665587558, -0.9508403922308074, -0.9637573228437084, -0.9324672314017586, -0.9922363425452221, -0.8992725772753332, -0.888375310392272, -0.9581838487963944, -0.9085762501968826, -0.889700477260003, -0.9003788385920316, -0.9411076110140189, -0.9830327000019385, -0.9546743145683236, -0.9719885723314805, -0.8905293714038682, -0.9695638182160466, -0.9277919614317213, -0.9490839701732661, -0.985431529257803, -0.9839705248005464, -0.9317909440159422, -0.9236549627103157, -0.951090792431075, -0.9091621111329499, -0.8928020428256721, -0.9177890695110508, -0.9005356753252881, -0.9523552437779239, -0.9238118568285055, -0.8707357106630464, -0.9876966100368618, -0.9737590192048544, -0.9334560453776304, -0.975908286746653, -0.9388332822761128, -0.9093082474119522, -0.9263403089317291, -0.8701931072336835, -0.9918779942310633, -0.9110004863204354, -0.9798301679778142, -0.9214269088500924, -0.9453775279243151, -1.0, -0.9137678629976795, -0.9526966950464998, -0.9714496314250772, -0.8862843297867999, -0.9397259899990271, -0.9833040343620795, -0.9406270789981389, -0.9266524540163527, -0.9530274220352143, -0.95834387725557, -0.9866229429946253, -0.9443795509236733, -0.9705854918372943, -0.9154341038716302, -0.9504178683680948, -0.8944895777536794, -0.8806222391446318, -0.9370814968444919, -0.9807339104844162, -0.9807004454525434, -0.9357726521474385, -0.9088594487602522, -0.9244344081994588, -0.9901251082497299], "classes": [[8, -0.004495637445177153], [9, 0.0021072749949670316], [14, -0.004622473900110726], [16, -0.002003598554060107], [18, 0.004732622569421429], [25, -0.0033821379733070134], [29, -0.015543246988340302], [38, 0.016665637796939116], [40, 0.009254346684002537], [43, 0.0022825293383474023], [47, 0.0041778069529946095], [50, -0.0039194409336398344], [52, -0.013766104256702816], [56, -0.003233589654448775], [57, -0.0299115771964165], [59, -0.010727526971567328], [60, -0.0025914896357699772], [63, -0.0035651182013076233], [70, -0.0052786212564612175], [71, -0.016835370883613546], [74, 0.02526913569499154], [78, -0.00345268258627268], [87, 0.007072165469647651], [89, 0.0022249277447603474], [90, -0.005382115055436882], [100, 0.19189382577212644], [101, -0.01480999797943305], [105, 0.013665898779191533], [107, 0.04733950761801066], [108, 0.03819654299946994], [109, 0.07514624682234962], [110, -0.01629612901047992], [117, 0.25120968010795397], [121, 0.006762983220956465], [123, 0.005023172199512165], [127, -0.0023466522144782102], [130, 0.007306120563148286], [131, 0.004971740138199532], [133, 0.0016783270981841018], [134, 0.0030909558272599214], [146, -0.007344965494903463], [148, 0.0034587906909677724], [149, 0.005096356179265347], [153, 0.004598238112142525], [157, 0.0033713376185790372], [158, -0.002124276714087187], [161, 0.002381941703049178], [169, 0.10567306423620357], [175, 0.0029925049618283106], [177, -0.002826862628113087], [179, -0.012877070681438898], [183, 0.006195477499092285], [184, 0.006250008426855684], [188, -0.0049682542835426495], [189, 0.002861172093127638], [201, 0.0017172700071171917], [202, 0.0024410863339564765], [203, 0.17745583108052884], [212, 0.12299518466460613], [214, 0.3003655999509214], [221, 0.002494148930481386], [222, 0.6003104765361567], [226, 0.06949069548658832], [227, -0.011457735009912609], [228, 0.20041210080496014], [230, -0.01171938619991483], [237, -0.002519796897385965], [254, 0.0035254104659227714], [257, 0.0034259856282978073], [280, 0.10993833455143284], [282, 0.0069930950102433664], [283, 0.7988682969254421], [285, 0.01075936869991677], [286, 0.015031537466433459], [294, 0.0030014131297807106], [295, -0.024482570244690246], [297, 0.007444509719332339], [320, -0.011846064443327906], [323, 0.006111689659818941], [327, 0.031595802582561255], [329, -0.004413132831035814], [334, 0.010225827781386233], [338, 0.002914187494515213], [339, 0.007124952012503226], [342, 0.004294027901341707], [346, 0.00232237893809611], [350, 0.003289148017705298], [352, -0.06487417303188187], [354, -0.0027593539242972333], [360, -0.0028916131979761462], [363, 0.05], [366, -0.005649680671200967], [368, -0.007206735996449862], [376, 0.003127807271694266], [378, -0.00866200247351803], [380, 0.0017014551603123256], [381, 0.013632538748861629], [383, -0.0031658669636011145], [385, -0.005814411261497597], [386, -0.009135069109801542], [390, -0.0033833192605284127], [391, -0.012078295025575666], [393, 0.0013573735594319624], [397, 0.0034823438741360133], [398, -0.017596130335417792], [399, 0.0039014015066158735], [403, -0.002459759366006153], [405, 0.0036713077432845975], [410, -0.04468618759876987], [414, 0.0044072521401685915], [417, 0.004746877219379251], [419, 0.003008011604616341], [420, -0.007474265509367646], [421, -0.0023362619274978833], [425, 0.003911571740240293], [428, 0.038721797282449635], [433, 0.017362240740064927], [434, -0.002750603432639581], [438, 0.004984521496992966], [441, 0.005072171492296145], [443, 0.003400238744544626], [445, 0.07698080688280404], [448, 0.01238095720085919], [452, -0.013835955875405061], [456, -0.010390840720912281], [459, 0.004824516989199748], [473, 0.003869693096074162], [479, 0.007637602508558829], [480, 0.01896993890529506], [483, -0.004574719374417337], [487, 0.00556553220834787], [488, 0.06406645845004294], [489, -0.003504677702496028], [497, 0.004534435860736008], [500, -0.00321959712964112], [502, 0.0023011170676108276], [508, 0.005935632721156518], [522, -0.06254212769094672], [524, 0.004433073036274359], [525, 0.0489767533322796], [538, 0.0024262954544417626], [545, 0.004654874702633515], [548, -0.013426616908911029], [552, 0.004276478641211502], [558, 0.0037230703282693563], [560, 0.0241365178167037], [562, 0.10174763858847732], [563, 0.007391687140967979], [566, 0.012988688965875296], [569, -0.005312586468608807], [570, 0.012040757130507373], [574, -0.01040125957108949], [577, 0.004706556793995231], [578, 0.00700567404923479], [582, -0.010727861890031396], [584, 0.00754599659166101], [590, 0.004933862856396666], [602, -0.004946028297744748], [603, -0.0037809862194090166], [607, 0.005595134233356242], [612, -0.0029284237162119], [614, 0.013624250624573578], [619, 0.04336151607890211], [620, 0.004008051350800141], [635, 0.0064543158583050386], [636, 0.0030265004861427885], [643, 0.042933483070758324], [645, -0.005529993965653356], [646, 0.004626111604610145], [649, 0.002579540860414284], [651, 0.002440157965857756], [654, -0.016768488832613115], [657, 0.013679885346494704], [661, 0.00448063261168885], [663, 0.004586531854682654], [669, 0.0033927682554848173], [670, 0.013573828134403842], [671, 0.0032904143444147478], [677, 0.013017948563024512], [679, 0.016971066527971437], [680, 0.0848483560595489], [682, 0.07157914642514207], [686, 