{"truncation": 0.5, "latent": [1.0, 0.4368026917687997, -0.8349685077777445, -0.5539320110820266, -0.6408395790027227, -0.7518097273999413, -0.8214216699243525, -0.9770432704541582, -0.885482193290978, -0.9281234440538239, -0.8946969090929549, -0.8680895618072901, -0.8859115400264317, -0.9463272853704304, -0.9641413916235518, -0.9524410575174057, -0.9309963872419168, -0.9383050829403065, -0.9359327324948353, -0.9656827461164884, -0.9445809126315652, -0.9067496887682737, -0.953794122251618, -0.9412977198706102, -0.9354185548851012, -0.9450422528883378, -0.92001651760966, -0.9185096850373353, -0.9279602653444305, -0.9403199481460601, -0.967725616673293, -0.9671360672613217, -0.9421753768654739, -0.9496974759904511, -0.9419630218617125, -0.9346902734928136, -0.9419041413101293, -0.9323665320732808, -0.9342864052364903, -0.9433711874593517, -0.9541585901586366, -0.9518117659721174, -0.970540970458998, -0.9657948948343392, -0.9655415483355956, -0.9615508318788478, -0.9646004529387442, -0.9796151301273578, -0.9839728312570261, -0.9606698662295631, -0.9619859173520146, -0.9707369629320775, -0.9729342092554975, -0.9650209639279028, -0.981193123892553, -0.9706316816865167, -0.9794901825266429, -0.974421780232681, -0.9697035923116674, -0.9857035340577862, -0.9729082459235174, -0.9865604787323548, -0.98971949598454, -0.9973488165148324, -0.9912438909080616, -0.9909789812017058, -0.9734002489241171, -0.9796474206087495, -0.9816336809802103, -0.9871730447098904, -0.982563013509959, -0.9982178322765454, -0.9978389614908003, -0.9852615646103762, -0.9866285527420595, -0.9993811790056341, -0.9939725544848675, -0.9911690929595574, -0.9845855886611102, -0.9830995528722468, -0.9849370610299137, -0.9740744871013098, -0.9969841904631535, -0.9965847946757022, -0.9941215494942878, -0.9864337706831366, -0.9875910216013243, -0.9812724812644837, -0.9889329975701846, -0.9949025996932671, -0.9801927726732659, -0.9893939934935565, -0.9815267631327922, -0.9952887092330184, -0.9901137620103894, -0.9863233824667528, -0.993612521590058, -0.982901356056619, -0.9888956120088188, -0.9872716471886046, -0.9923078953248488, -0.9902819144316481, -0.9878783541634543, -0.992074621794681, -0.9843178097779569, -0.981709939742067, -0.9878918244285276, -0.9859511762888743, -0.9942453554749536, -0.9981893108817864, -0.9878803295147763, -0.9867752719723564, -0.9915403570093092, -0.9906887816913206, -0.9940942684983267, -0.9899954123603022, -0.9910049032795089, -0.9938574511848842, -0.9840878333873365, -0.9885318630824949, -0.9923457517397412, -0.982975805060739, -0.9917863123005948, -0.9865853552660075, -1.0, -0.9826027484153599, -0.9939554781417477, -0.9942685470323671], "classes": [[8, -0.004495637445177153], [9, 0.0021072749949670316], [14, -0.004622473900110726], [16, -0.002003598554060107], [18, 0.004732622569421429], [25, -0.0033821379733070134], [29, -0.015543246988340302], [38, 0.016665637796939116], [40, 0.009254346684002537], [43, 0.0022825293383474023], [47, 0.0041778069529946095], [50, -0.0039194409336398344], [52, -0.013766104256702816], [56, -0.003233589654448775], [57, -0.0299115771964165], [59, -0.010727526971567328], [60, -0.0025914896357699772], [63, -0.0035651182013076233], [70, -0.0052786212564612175], [71, -0.016835370883613546], [74, 0.02526913569499154], [78, -0.00345268258627268], [87, 0.007072165469647651], [89, 0.0022249277447603474], [90, -0.005382115055436882], [100, 0.19189382577212644], [101, -0.01480999797943305], [105, 0.013665898779191533], [107, 0.04733950761801066], [108, 0.03819654299946994], [109, 0.07514624682234962], [110, -0.01629612901047992], [117, 0.25120968010795397], [121, 0.006762983220956465], [123, 0.005023172199512165], [127, -0.0023466522144782102], [130, 0.007306120563148286], [131, 0.004971740138199532], [133, 0.0016783270981841018], [134, 0.0030909558272599214], [146, -0.007344965494903463], [148, 0.0034587906909677724], [149, 0.005096356179265347], [153, 0.004598238112142525], [157, 0.0033713376185790372], [158, -0.002124276714087187], [161, 0.002381941703049178], [169, 0.10567306423620357], [175, 0.0029925049618283106], [177, -0.002826862628113087], [179, -0.012877070681438898], [183, 0.006195477499092285], [184, 0.006250008426855684], [188, -0.0049682542835426495], [189, 0.002861172093127638], [201, 0.0017172700071171917], [202, 0.0024410863339564765], [203, 0.17745583108052884], [212, 0.12299518466460613], [214, 0.3003655999509214], [221, 0.002494148930481386], [222, 0.6003104765361567], [226, 0.06949069548658832], [227, -0.011457735009912609], [228, 0.20041210080496014], [230, -0.01171938619991483], [237, -0.002519796897385965], [254, 0.0035254104659227714], [257, 0.0034259856282978073], [280, 0.10993833455143284], [282, 0.0069930950102433664], [283, 0.7988682969254421], [285, 0.01075936869991677], [286, 0.015031537466433459], [294, 0.0030014131297807106], [295, -0.024482570244690246], [297, 0.007444509719332339], [320, -0.011846064443327906], [323, 0.006111689659818941], [327, 0.031595802582561255], [329, -0.004413132831035814], [334, 0.010225827781386233], [338, 0.002914187494515213], [339, 0.007124952012503226], [342, 0.004294027901341707], [346, 0.00232237893809611], [350, 0.003289148017705298], [352, -0.06487417303188187], [354, -0.0027593539242972333], [360, -0.0028916131979761462], [363, 0.05], [366, -0.005649680671200967], [368, -0.007206735996449862], [376, 0.003127807271694266], [378, -0.00866200247351803], [380, 0.0017014551603123256], [381, 0.013632538748861629], [383, -0.0031658669636011145], [385, -0.005814411261497597], [386, -0.009135069109801542], [390, -0.0033833192605284127], [391, -0.012078295025575666], [393, 0.0013573735594319624], [397, 0.0034823438741360133], [398, -0.017596130335417792], [399, 0.0039014015066158735], [403, -0.002459759366006153], [405, 0.0036713077432845975], [410, -0.04468618759876987], [414, 0.0044072521401685915], [417, 0.004746877219379251], [419, 0.003008011604616341], [420, -0.007474265509367646], [421, -0.0023362619274978833], [425, 0.003911571740240293], [428, 0.038721797282449635], [433, 0.017362240740064927], [434, -0.002750603432639581], [438, 0.004984521496992966], [441, 0.005072171492296145], [443, 0.003400238744544626], [445, 0.07698080688280404], [448, 0.01238095720085919], [452, -0.013835955875405061], [456, -0.010390840720912281], [459, 0.004824516989199748], [473, 0.003869693096074162], [479, 0.007637602508558829], [480, 0.01896993890529506], [483, -0.004574719374417337], [487, 0.00556553220834787], [488, 0.06406645845004294], [489, -0.003504677702496028], [497, 0.004534435860736008], [500, -0.00321959712964112], [502, 0.0023011170676108276], [508, 0.005935632721156518], [522, -0.06254212769094672], [524, 0.004433073036274359], [525, 0.0489767533322796], [538, 0.0024262954544417626], [545, 0.004654874702633515], [548, -0.013426616908911029], [552, 0.004276478641211502], [558, 0.0037230703282693563], [560, 0.0241365178167037], [562, 0.10174763858847732], [563, 0.007391687140967979], [566, 0.012988688965875296], [569, -0.005312586468608807], [570, 0.012040757130507373], [574, -0.01040125957108949], [577, 0.004706556793995231], [578, 0.00700567404923479], [582, -0.010727861890031396], [584, 0.00754599659166101], [590, 0.004933862856396666], [602, -0.004946028297744748], [603, -0.0037809862194090166], [607, 0.005595134233356242], [612, -0.0029284237162119], [614, 0.013624250624573578], [619, 0.04336151607890211], [620, 0.004008051350800141], [635, 0.0064543158583050386], [636, 0.0030265004861427885], [643, 0.042933483070758324], [645, -0.005529993965653356], [646, 0.004626111604610145], [649, 0.002579540860414284], [651, 0.002440157965857756], [654, -0.016768488832613115], [657, 0.013679885346494704], [661, 0.00448063261168885], [663, 0.004586531854682654], [669, 0.0033927682554848173], [670, 0.013573828134403842], [671, 0.0032904143444147478], [677, 0.013017948563024512], [679, 0.016971066527971437], [680, 0.0848483560595489], [682, 0.07157914642514207], [686, -0.01219325396962286], 