{"truncation": 0.5, "latent": [1.0, 0.03394480191546867, -0.8380368567727822, -0.8973823096008069, -0.7773011111953054, -0.839091413450807, -0.8575128833290682, -0.8527610017250928, -0.9170326490687755, -0.8688662773801634, -0.9337607653722939, -0.8898190731225246, -0.9442196683224415, -0.902945293951883, -0.9433685579864297, -0.9212235088545018, -0.9369663441126959, -0.9387053263003715, -0.9351602460269874, -0.9530931805291663, -0.9384917297447364, -0.9593284388518606, -0.9417353168355258, -0.9639382106342141, -0.9450955987533249, -0.9636893668589466, -0.9553637093349043, -0.9568219223878256, -0.95956213392611, -0.9544877185486915, -0.9659806081260263, -0.9611763461862752, -0.9671959722096897, -0.9585420906852631, -0.9676427711622209, -0.9640029461022357, -0.967040235927081, -0.9652112231635093, -0.9674648293263114, -0.9705303160168146, -0.9687479172756018, -0.9712645860666443, -0.9671843892046857, -0.9710687514218069, -0.9667047014336623, -0.9697898602681412, -0.9701182312402588, -0.9679210045507253, -0.9731887861214326, -0.9665723272197295, -0.9750670211115315, -0.9620348256249535, -0.9749691543689694, -0.957886221979202, -0.9676922931609642, -0.9548332768884158, -0.9548598959902421, -0.9581718916336832, -0.9280870506235492, -0.9711264548658438, -0.8969793735250148, -0.9195460494118143, -0.9396448244813842, -0.8098274346756453, -0.7852906659500908, -0.8423666158913619, -0.914908961546089, -0.967655840368676, -0.9894085133969535, -0.9886550301812534, -0.9903438976160192, -0.9952636596313809, -0.9901196011262876, -0.994021148595559, -0.9903530768271552, -0.9924273013945554, -0.9905515342042901, -0.9922118218570651, -0.9914169554494338, -0.9909226100186667, -0.9906947534749146, -0.9910657072622995, -0.9912916612954566, -0.9918604444020765, -0.9913015927829467, -0.9916330608203698, -0.9914475499011066, -0.9917724496681827, -0.9912927138401122, -0.9913425869033787, -0.9914016826088675, -0.9913628284263253, -0.9916416051677838, -0.9924552905605271, -0.9919101092072959, -0.9914633655635701, -0.9918500442798506, -0.9923889413597213, -0.9921714633799468, -0.9919469139940928, -0.991863655818053, -0.9922715811883132, -0.992785405588192, -0.992094829974139, -0.9927342812004298, -0.9926741911417162, -0.9926977908389496, -0.9932914952045859, -0.992895288667833, -0.9935163440859747, -0.9937919237066644, -0.9939202644377977, -0.9937502214215438, -0.9939643970586021, -0.9941476902047909, -0.9947310859284745, -0.9963913166306914, -0.9953485154670575, -0.9984871192448714, -0.9977354697803377, -1.0, -0.9996998997143272, -0.9990669603948715, -0.9908920314027869, -0.9954053355086949, -0.9868800554054501, -0.9778073082753965, -0.9913037863667657], "classes": [[8, -0.004495637445177153], [9, 0.0021072749949670316], [14, -0.004622473900110726], [16, -0.002003598554060107], [18, 0.004732622569421429], [25, -0.0033821379733070134], [29, -0.015543246988340302], [38, 0.016665637796939116], [40, 0.009254346684002537], [43, 0.0022825293383474023], [47, 0.0041778069529946095], [50, -0.0039194409336398344], [52, -0.013766104256702816], [56, -0.003233589654448775], [57, -0.0299115771964165], [59, -0.010727526971567328], [60, -0.0025914896357699772], [63, -0.0035651182013076233], [70, -0.0052786212564612175], [71, -0.016835370883613546], [74, 0.02526913569499154], [78, -0.00345268258627268], [87, 0.007072165469647651], [89, 0.0022249277447603474], [90, -0.005382115055436882], [100, 0.19189382577212644], [101, -0.01480999797943305], [105, 0.013665898779191533], [107, 0.04733950761801066], [108, 0.03819654299946994], [109, 0.07514624682234962], [110, -0.01629612901047992], [117, 0.25120968010795397], [121, 0.006762983220956465], [123, 0.005023172199512165], [127, -0.0023466522144782102], [130, 0.007306120563148286], [131, 0.004971740138199532], [133, 0.0016783270981841018], [134, 0.0030909558272599214], [146, -0.007344965494903463], [148, 0.0034587906909677724], [149, 0.005096356179265347], [153, 0.004598238112142525], [157, 0.0033713376185790372], [158, -0.002124276714087187], [161, 0.002381941703049178], [169, 0.10567306423620357], [175, 0.0029925049618283106], [177, -0.002826862628113087], [179, -0.012877070681438898], [183, 0.006195477499092285], [184, 0.006250008426855684], [188, -0.0049682542835426495], [189, 0.002861172093127638], [201, 0.0017172700071171917], [202, 0.0024410863339564765], [203, 0.17745583108052884], [212, 0.12299518466460613], [214, 0.3003655999509214], [221, 0.002494148930481386], [222, 0.6003104765361567], [226, 0.06949069548658832], [227, -0.011457735009912609], [228, 0.20041210080496014], [230, -0.01171938619991483], [237, -0.002519796897385965], [254, 0.0035254104659227714], [257, 0.0034259856282978073], [280, 0.10993833455143284], [282, 0.0069930950102433664], [283, 0.7988682969254421], [285, 0.01075936869991677], [286, 0.015031537466433459], [294, 0.0030014131297807106], [295, -0.024482570244690246], [297, 0.007444509719332339], [320, -0.011846064443327906], [323, 0.006111689659818941], [327, 0.031595802582561255], [329, -0.004413132831035814], [334, 0.010225827781386233], [338, 0.002914187494515213], [339, 0.007124952012503226], [342, 0.004294027901341707], [346, 0.00232237893809611], [350, 0.003289148017705298], [352, -0.06487417303188187], [354, -0.0027593539242972333], [360, -0.0028916131979761462], [363, 0.05], [366, -0.005649680671200967], [368, -0.007206735996449862], [376, 0.003127807271694266], [378, -0.00866200247351803], [380, 0.0017014551603123256], [381, 0.013632538748861629], [383, -0.0031658669636011145], [385, -0.005814411261497597], [386, -0.009135069109801542], [390, -0.0033833192605284127], [391, -0.012078295025575666], [393, 0.0013573735594319624], [397, 0.0034823438741360133], [398, -0.017596130335417792], [399, 0.0039014015066158735], [403, -0.002459759366006153], [405, 0.0036713077432845975], [410, -0.04468618759876987], [414, 0.0044072521401685915], [417, 0.004746877219379251], [419, 0.003008011604616341], [420, -0.007474265509367646], [421, -0.0023362619274978833], [425, 0.003911571740240293], [428, 0.038721797282449635], [433, 0.017362240740064927], [434, -0.002750603432639581], [438, 0.004984521496992966], [441, 0.005072171492296145], [443, 0.003400238744544626], [445, 0.07698080688280404], [448, 0.01238095720085919], [452, -0.013835955875405061], [456, -0.010390840720912281], [459, 0.004824516989199748], [473, 0.003869693096074162], [479, 0.007637602508558829], [480, 0.01896993890529506], [483, -0.004574719374417337], [487, 0.00556553220834787], [488, 0.06406645845004294], [489, -0.003504677702496028], [497, 0.004534435860736008], [500, -0.00321959712964112], [502, 0.0023011170676108276], [508, 0.005935632721156518], [522, -0.06254212769094672], [524, 0.004433073036274359], [525, 0.0489767533322796], [538, 0.0024262954544417626], [545, 0.004654874702633515], [548, -0.013426616908911029], [552, 0.004276478641211502], [558, 0.0037230703282693563], [560, 0.0241365178167037], [562, 0.10174763858847732], [563, 0.007391687140967979], [566, 0.012988688965875296], [569, -0.005312586468608807], [570, 0.012040757130507373], [574, -0.01040125957108949], [577, 0.004706556793995231], [578, 0.00700567404923479], [582, -0.010727861890031396], [584, 0.00754599659166101], [590, 0.004933862856396666], [602, -0.004946028297744748], [603, -0.0037809862194090166], [607, 0.005595134233356242], [612, -0.0029284237162119], [614, 0.013624250624573578], [619, 0.04336151607890211], [620, 0.004008051350800141], [635, 0.0064543158583050386], [636, 0.0030265004861427885], [643, 0.042933483070758324], [645, -0.005529993965653356], [646, 0.004626111604610145], [649, 0.002579540860414284], [651, 0.002440157965857756], [654, -0.016768488832613115], [657, 0.013679885346494704], [661, 0.00448063261168885], [663, 0.004586531854682654], [669, 0.0033927682554848173], [670, 0.013573828134403842], [671, 0.0032904143444147478], [677, 0.013017948563024512], [679, 0.016971066527971437], [680, 0.0848483560595489], [682, 0.07157914642514207], [686, 