{"truncation": 0.5, "latent": [1.0, 0.3977458406424854, 0.5003440376595987, 0.07465834800017435, -0.7821521952193002, 0.8333057074988073, 0.7074389397295611, -0.036065830850374514, -0.49744275302715424, -0.41996543094703553, -0.6815270155609411, -0.796650836772695, -0.7538865187480043, -0.8272260020996001, -0.8809381177026019, -0.9112328752009549, -0.9103634891723554, -0.9141840049779215, -0.9128514764657624, -0.9487874656445837, -0.9280052609947519, -0.9211757159717227, -0.9081269845032548, -0.9091163698887904, -0.9531916664778981, -0.9512935512989861, -0.9269474055571088, -0.991749210639968, -0.9828961424268, -0.9641238542309567, -0.9567325435871143, -0.9595930871495616, -0.9633216141192575, -0.9729674157469134, -0.9634946241185752, -0.9717780622013217, -0.9668219545226878, -0.9825000572045527, -0.9720140571029955, -0.9819424319517975, -0.9812073839738867, -0.984885004315403, -0.9811235716475835, -0.9650663604252646, -0.9617560133106429, -0.9772838902633574, -0.981734986118136, -0.9841048829521465, -0.9736449593429793, -0.974531738638287, -0.9797867034071182, -0.9761034685663276, -0.97577173096646, -0.9760508608779074, -0.9741814515089361, -0.9757844656740542, -0.9756592467849612, -0.9646372693271263, -0.967527638165715, -0.9810430324610279, -0.9706775710534028, -0.9591867820936599, -0.9659896250192458, -0.9733436647091055, -0.9678985395360638, -0.9740454020789198, -0.9947494875726487, -0.9857842819488547, -0.9814859404709718, -0.9826183253467256, -0.9921559301992077, -0.9821961819192968, -0.979089604153254, -0.9812984590136087, -0.9839418342726322, -0.9785547004676454, -0.9843580222243314, -0.992477126169835, -0.9897735479288223, -0.9847383831838649, -0.9886240922643496, -0.9842865557957583, -0.984208811332374, -0.9837823231446606, -0.9832508612106762, -0.9860932778398983, -0.994739675622586, -0.983911179019727, -0.9929611171073087, -0.9874173304986864, -0.9845068356095161, -0.9891453862961588, -0.9815076076785567, -0.9829165193920064, -0.9769590282444909, -0.9831960498486885, -0.9771466666675243, -0.9809843457309968, -0.9921513464222536, -0.9865381782625497, -0.9811329380760299, -0.9799428855117343, -0.9851563198309874, -0.9725420719440471, -0.9857929928428958, -0.9919026795185876, -0.9867434025810367, -1.0, -0.9929874005395964, -0.9938877776714241, -0.995812980033045, -0.9853292896867427, -0.995124551007899, -0.9905674848868197, -0.9933726781400496, -0.993383085086564, -0.9967136480020528, -0.9905001198398585, -0.999245288737049, -0.9962885027551182, -0.9909502192859764, -0.9891483996988433, -0.9923342780068661, -0.9979496896732835, -0.9911352446259202, -0.9874247701704064, -0.9980347785834535, -0.9930320420396359], "classes": [[8, -0.004495637445177153], [9, 0.0021072749949670316], [14, -0.004622473900110726], [16, -0.002003598554060107], [18, 0.004732622569421429], [25, -0.0033821379733070134], [29, -0.015543246988340302], [38, 0.016665637796939116], [40, 0.009254346684002537], [43, 0.0022825293383474023], [47, 0.0041778069529946095], [50, -0.0039194409336398344], [52, -0.013766104256702816], [56, -0.003233589654448775], [57, -0.0299115771964165], [59, -0.010727526971567328], [60, -0.0025914896357699772], [63, -0.0035651182013076233], [70, -0.0052786212564612175], [71, -0.016835370883613546], [74, 0.02526913569499154], [78, -0.00345268258627268], [87, 0.007072165469647651], [89, 0.0022249277447603474], [90, -0.005382115055436882], [100, 0.19189382577212644], [101, -0.01480999797943305], [105, 0.013665898779191533], [107, 0.04733950761801066], [108, 0.03819654299946994], [109, 0.07514624682234962], [110, -0.01629612901047992], [117, 0.25120968010795397], [121, 0.006762983220956465], [123, 0.005023172199512165], [127, -0.0023466522144782102], [130, 0.007306120563148286], [131, 0.004971740138199532], [133, 0.0016783270981841018], [134, 0.0030909558272599214], [146, -0.007344965494903463], [148, 0.0034587906909677724], [149, 0.005096356179265347], [153, 0.004598238112142525], [157, 0.0033713376185790372], [158, -0.002124276714087187], [161, 0.002381941703049178], [169, 0.10567306423620357], [175, 0.0029925049618283106], [177, -0.002826862628113087], [179, -0.012877070681438898], [183, 0.006195477499092285], [184, 0.006250008426855684], [188, -0.0049682542835426495], [189, 0.002861172093127638], [201, 0.0017172700071171917], [202, 0.0024410863339564765], [203, 0.17745583108052884], [212, 0.12299518466460613], [214, 0.3003655999509214], [221, 0.002494148930481386], [222, 0.6003104765361567], [226, 0.06949069548658832], [227, -0.011457735009912609], [228, 0.20041210080496014], [230, -0.01171938619991483], [237, -0.002519796897385965], [254, 0.0035254104659227714], [257, 0.0034259856282978073], [280, 0.10993833455143284], [282, 0.0069930950102433664], [283, 0.7988682969254421], [285, 0.01075936869991677], [286, 0.015031537466433459], [294, 0.0030014131297807106], [295, -0.024482570244690246], [297, 0.007444509719332339], [320, -0.011846064443327906], [323, 0.006111689659818941], [327, 0.031595802582561255], [329, -0.004413132831035814], [334, 0.010225827781386233], [338, 0.002914187494515213], [339, 0.007124952012503226], [342, 0.004294027901341707], [346, 0.00232237893809611], [350, 0.003289148017705298], [352, -0.06487417303188187], [354, -0.0027593539242972333], [360, -0.0028916131979761462], [363, 0.05], [366, -0.005649680671200967], [368, -0.007206735996449862], [376, 0.003127807271694266], [378, -0.00866200247351803], [380, 0.0017014551603123256], [381, 0.013632538748861629], [383, -0.0031658669636011145], [385, -0.005814411261497597], [386, -0.009135069109801542], [390, -0.0033833192605284127], [391, -0.012078295025575666], [393, 0.0013573735594319624], [397, 0.0034823438741360133], [398, -0.017596130335417792], [399, 0.0039014015066158735], [403, -0.002459759366006153], [405, 0.0036713077432845975], [410, -0.04468618759876987], [414, 0.0044072521401685915], [417, 0.004746877219379251], [419, 0.003008011604616341], [420, -0.007474265509367646], [421, -0.0023362619274978833], [425, 0.003911571740240293], [428, 0.038721797282449635], [433, 0.017362240740064927], [434, -0.002750603432639581], [438, 0.004984521496992966], [441, 0.005072171492296145], [443, 0.003400238744544626], [445, 0.07698080688280404], [448, 0.01238095720085919], [452, -0.013835955875405061], [456, -0.010390840720912281], [459, 0.004824516989199748], [473, 0.003869693096074162], [479, 0.007637602508558829], [480, 0.01896993890529506], [483, -0.004574719374417337], [487, 0.00556553220834787], [488, 0.06406645845004294], [489, -0.003504677702496028], [497, 0.004534435860736008], [500, -0.00321959712964112], [502, 0.0023011170676108276], [508, 0.005935632721156518], [522, -0.06254212769094672], [524, 0.004433073036274359], [525, 0.0489767533322796], [538, 0.0024262954544417626], [545, 0.004654874702633515], [548, -0.013426616908911029], [552, 0.004276478641211502], [558, 0.0037230703282693563], [560, 0.0241365178167037], [562, 0.10174763858847732], [563, 0.007391687140967979], [566, 0.012988688965875296], [569, -0.005312586468608807], [570, 0.012040757130507373], [574, -0.01040125957108949], [577, 0.004706556793995231], [578, 0.00700567404923479], [582, -0.010727861890031396], [584, 0.00754599659166101], [590, 0.004933862856396666], [602, -0.004946028297744748], [603, -0.0037809862194090166], [607, 0.005595134233356242], [612, -0.0029284237162119], [614, 0.013624250624573578], [619, 0.04336151607890211], [620, 0.004008051350800141], [635, 0.0064543158583050386], [636, 0.0030265004861427885], [643, 0.042933483070758324], [645, -0.005529993965653356], [646, 0.004626111604610145], [649, 0.002579540860414284], [651, 0.002440157965857756], [654, -0.016768488832613115], [657, 0.013679885346494704], [661, 0.00448063261168885], [663, 0.004586531854682654], [669, 0.0033927682554848173], [670, 0.013573828134403842], [671, 0.0032904143444147478], [677, 0.013017948563024512], [679, 0.016971066527971437], [680, 0.0848483560595489], [682, 0.07157914642514207], [686, -0.01219325396962286], 