{"truncation": 0.5, "latent": [1.0, -0.40731585591322383, -0.40043065004597345, -0.8039312655008266, -0.8236952008258807, -0.7284362480973715, -0.8340854742584737, -0.8456908418372409, -0.8815806604964613, -0.8871232348311757, -0.9007759717858432, -0.8899886245241613, -0.881290657287864, -0.9464895811513367, -0.9057672777936935, -0.9516807971656024, -0.943422320906244, -0.9186077630256564, -0.9131268827700101, -0.9259737851250944, -0.9154357909336984, -0.9293851926774882, -0.9468541991436883, -0.941463204172215, -0.9399863084074134, -0.9357267810381869, -0.9611903554942058, -0.967717369439362, -0.9501119876823679, -0.9758708913690146, -0.9668761894614288, -0.955674010499969, -0.9807364071258066, -0.9590405819048381, -0.9868736464681354, -0.956230268228876, -0.9431371722938058, -0.9495201045342051, -0.975960012401936, -0.9880965432492271, -0.9692216334296531, -0.9606486698409247, -0.9552079816418328, -0.9826648494552389, -0.9755856554591028, -0.9638238451779958, -0.9639650213282436, -0.9844546653193404, -0.9891193614889292, -0.9676105104983701, -0.9873933174759583, -0.9825663826472444, -0.9816800653658242, -0.9755695382474223, -0.9857211730756523, -0.9805432820366178, -0.9753754784560973, -0.9722802557798641, -0.9741568558203197, -0.9730189121478343, -0.9794029505728873, -0.9872737766746627, -0.9817850892735952, -0.9825566071405897, -0.9867498788382291, -0.9854851487201164, -0.9873024591529204, -0.9823331197747948, -0.9805626726923504, -0.9858279257834659, -0.9831279295159361, -0.9865621976967905, -0.9904098473624979, -0.9823047210168045, -0.9771165452656367, -0.9692056940734542, -0.9859019183796723, -0.9929028072675234, -0.9867750951397932, -0.9928494623308514, -0.9830072434799557, -0.9969013067181701, -0.9824099689631656, -0.9812313099109465, -0.9877638035235929, -0.9888165124894794, -0.9795572777811857, -0.9725309499170163, -0.9832353042963249, -0.9800094316317004, -0.9901125918125003, -0.9988928510029372, -0.9955396314429956, -0.9822939142997862, -0.9932149635364653, -0.9849311271232326, -0.9934503578713563, -0.9941137855354353, -0.9996274209851963, -0.9992127835075614, -0.9951262057343326, -0.9899597558010305, -1.0, -0.9908994551890421, -0.994085664848772, -0.9763696443274269, -0.9858231110414469, -0.9873930152867941, -0.994508006060316, -0.9961612514782021, -0.9916926516760677, -0.9947587604027032, -0.995834665645687, -0.991115162137155, -0.9998844769766284, -0.9935746467719206, -0.9884722383343104, -0.9936315296376803, -0.9913161107060611, -0.9925502718523926, -0.9999658194953914, -0.9971791343548811, -0.9922265023694469, -0.9983309136825382, -0.9976264138950931, -0.9952026521990556, -0.9864783015504003, -0.9845114999629677], "classes": [[8, -0.004495637445177153], [9, 0.0021072749949670316], [14, -0.004622473900110726], [16, -0.002003598554060107], [18, 0.004732622569421429], [25, -0.0033821379733070134], [29, -0.015543246988340302], [38, 0.016665637796939116], [40, 0.009254346684002537], [43, 0.0022825293383474023], [47, 0.0041778069529946095], [50, -0.0039194409336398344], [52, -0.013766104256702816], [56, -0.003233589654448775], [57, -0.0299115771964165], [59, -0.010727526971567328], [60, -0.0025914896357699772], [63, -0.0035651182013076233], [70, -0.0052786212564612175], [71, -0.016835370883613546], [74, 0.02526913569499154], [78, -0.00345268258627268], [87, 0.007072165469647651], [89, 0.0022249277447603474], [90, -0.005382115055436882], [100, 0.19189382577212644], [101, -0.01480999797943305], [105, 0.013665898779191533], [107, 0.04733950761801066], [108, 0.03819654299946994], [109, 0.07514624682234962], [110, -0.01629612901047992], [117, 0.25120968010795397], [121, 0.006762983220956465], [123, 0.005023172199512165], [127, -0.0023466522144782102], [130, 0.007306120563148286], [131, 0.004971740138199532], [133, 0.0016783270981841018], [134, 0.0030909558272599214], [146, -0.007344965494903463], [148, 0.0034587906909677724], [149, 0.005096356179265347], [153, 0.004598238112142525], [157, 0.0033713376185790372], [158, -0.002124276714087187], [161, 0.002381941703049178], [169, 0.10567306423620357], [175, 0.0029925049618283106], [177, -0.002826862628113087], [179, -0.012877070681438898], [183, 0.006195477499092285], [184, 0.006250008426855684], [188, -0.0049682542835426495], [189, 0.002861172093127638], [201, 0.0017172700071171917], [202, 0.0024410863339564765], [203, 0.17745583108052884], [212, 0.12299518466460613], [214, 0.3003655999509214], [221, 0.002494148930481386], [222, 0.6003104765361567], [226, 0.06949069548658832], [227, -0.011457735009912609], [228, 0.20041210080496014], [230, -0.01171938619991483], [237, -0.002519796897385965], [254, 0.0035254104659227714], [257, 0.0034259856282978073], [280, 0.10993833455143284], [282, 0.0069930950102433664], [283, 0.7988682969254421], [285, 0.01075936869991677], [286, 0.015031537466433459], [294, 0.0030014131297807106], [295, -0.024482570244690246], [297, 0.007444509719332339], [320, -0.011846064443327906], [323, 0.006111689659818941], [327, 0.031595802582561255], [329, -0.004413132831035814], [334, 0.010225827781386233], [338, 0.002914187494515213], [339, 0.007124952012503226], [342, 0.004294027901341707], [346, 0.00232237893809611], [350, 0.003289148017705298], [352, -0.06487417303188187], [354, -0.0027593539242972333], [360, -0.0028916131979761462], [363, 0.05], [366, -0.005649680671200967], [368, -0.007206735996449862], [376, 0.003127807271694266], [378, -0.00866200247351803], [380, 0.0017014551603123256], [381, 0.013632538748861629], [383, -0.0031658669636011145], [385, -0.005814411261497597], [386, -0.009135069109801542], [390, -0.0033833192605284127], [391, -0.012078295025575666], [393, 0.0013573735594319624], [397, 0.0034823438741360133], [398, -0.017596130335417792], [399, 0.0039014015066158735], [403, -0.002459759366006153], [405, 0.0036713077432845975], [410, -0.04468618759876987], [414, 0.0044072521401685915], [417, 0.004746877219379251], [419, 0.003008011604616341], [420, -0.007474265509367646], [421, -0.0023362619274978833], [425, 0.003911571740240293], [428, 0.038721797282449635], [433, 0.017362240740064927], [434, -0.002750603432639581], [438, 0.004984521496992966], [441, 0.005072171492296145], [443, 0.003400238744544626], [445, 0.07698080688280404], [448, 0.01238095720085919], [452, -0.013835955875405061], [456, -0.010390840720912281], [459, 0.004824516989199748], [473, 0.003869693096074162], [479, 0.007637602508558829], [480, 0.01896993890529506], [483, -0.004574719374417337], [487, 0.00556553220834787], [488, 0.06406645845004294], [489, -0.003504677702496028], [497, 0.004534435860736008], [500, -0.00321959712964112], [502, 0.0023011170676108276], [508, 0.005935632721156518], [522, -0.06254212769094672], [524, 0.004433073036274359], [525, 0.0489767533322796], [538, 0.0024262954544417626], [545, 0.004654874702633515], [548, -0.013426616908911029], [552, 0.004276478641211502], [558, 0.0037230703282693563], [560, 0.0241365178167037], [562, 0.10174763858847732], [563, 0.007391687140967979], [566, 0.012988688965875296], [569, -0.005312586468608807], [570, 0.012040757130507373], [574, -0.01040125957108949], [577, 0.004706556793995231], [578, 0.00700567404923479], [582, -0.010727861890031396], [584, 0.00754599659166101], [590, 0.004933862856396666], [602, -0.004946028297744748], [603, -0.0037809862194090166], [607, 0.005595134233356242], [612, -0.0029284237162119], [614, 0.013624250624573578], [619, 0.04336151607890211], [620, 0.004008051350800141], [635, 0.0064543158583050386], [636, 0.0030265004861427885], [643, 0.042933483070758324], [645, -0.005529993965653356], [646, 0.004626111604610145], [649, 0.002579540860414284], [651, 0.002440157965857756], [654, -0.016768488832613115], [657, 0.013679885346494704], [661, 0.00448063261168885], [663, 0.004586531854682654], [669, 0.0033927682554848173], [670, 0.013573828134403842], [671, 0.0032904143444147478], [677, 0.013017948563024512], [679, 0.016971066527971437], [680, 0.0848483560595489], [682, 0.07157914642514207], [686, 